UserId,User_name,User_email,Age,Gender,Total_Complaints,Avg_Complaint_Length,Avg_Sentiment_Score,Sentiment_Variance,High_Severity_Ratio,Complaint_Frequency_Index,Avg_Days_Between_Complaints,Aggressive_Score,Avg_Risk_Level,High_Risk_Complaint_Ratio,Avg_Feedback_Score,Feedback_Variance,Resolution_Rate,User_Risk_Profile,Average_Feedback_Sentiment,Cluster_Profile,average_feedback_score,average_feedback_sentiment,feedback_variance
1011,Emma Thompson,emma.thompson1011@example.com,51,Female,2,180.0,-0.7734285595,0.001012413728584051,1.0,12.0,4.0,0.1215,0.618889282,0.0,3.0,0.0,50.0,2,-0.144756772,"Balanced users (moderate complaints, mixed sentiment, low escalation risk)",,,
1012,Emily White,emily.white1012@example.com,35,Male,4,228.0,-0.6747185960000001,0.0676151022026047,1.0,0.4580152671755725,87.0,0.349,0.66643354375,0.25,3.0,4.0,50.0,3,0.08480333500000001,"Frequent dissatisfied users (higher complaint volume, mostly negative sentiment)",,,
1013,Daniel Robinson,daniel.robinson1013@example.com,37,Male,2,54.0,-0.8334219755,8.810992099603258e-05,1.0,4.0,14.0,0.020499999999999997,0.603037142,0.0,4.5,0.25,100.0,2,0.762725562,"Balanced users (moderate complaints, mixed sentiment, low escalation risk)",,,
1014,Matthew Thomas,matthew.thomas1014@example.com,52,Male,12,213.16666666666666,-0.46509895469661205,0.18405621471136055,0.75,0.891089108910891,36.63636363636363,0.24416666666666667,0.5808727064166667,0.16666666666666666,3.142857142857143,2.693877551020408,75.0,2,0.14925772745454546,"Frequent dissatisfied users (higher complaint volume, mostly negative sentiment)",2.0,0.1434,0.6062
1015,Sophia Robinson,sophia.robinson1015@example.com,58,Female,6,209.83333333333334,-0.326726126,0.05632140875585664,0.5,0.527859237536657,68.0,0.244,0.516585991,0.16666666666666666,3.75,1.6875,66.66666666666666,2,0.1331121521666667,"High-risk escalators (high risk profile, aggressive tone, lower resolution)",,,
1016,Lucas Lewis,lucas.lewis1016@example.com,50,Male,7,294.57142857142856,-0.6443281004285714,0.01307996941677678,1.0,0.6752411575562701,51.666666666666664,0.26657142857142857,0.6277066327142856,0.14285714285714285,3.4,1.04,71.42857142857143,3,0.11977930342857143,"Frequent dissatisfied users (higher complaint volume, mostly negative sentiment)",,,
1017,John Taylor,john.taylor1017@example.com,37,Male,6,81.0,-0.7414137123333333,0.015298285519914313,1.0,0.576923076923077,62.2,0.10933333333333334,0.6042261231666667,0.0,3.25,2.1875,66.66666666666666,2,-0.006354399166666673,"Frequent dissatisfied users (higher complaint volume, mostly negative sentiment)",,,
1018,Emily Martin,emily.martin1018@example.com,50,Male,4,139.25,-0.63040563475,0.0015441876737662817,1.0,0.3488372093023256,114.33333333333333,0.154,0.5837818315000001,0.0,3.0,2.6666666666666665,75.0,2,0.07770945099999998,"Frequent dissatisfied users (higher complaint volume, mostly negative sentiment)",,,
1019,Emily Johnson,emily.johnson1019@example.com,49,Male,5,166.6,-0.5855465434,0.09089969055039669,0.8,1.5625,23.75,0.184,0.5797026265999999,0.0,4.333333333333333,0.888888888888889,60.0,2,0.3158091842,"Frequent dissatisfied users (higher complaint volume, mostly negative sentiment)",,,
1020,Emily Martinez,emily.martinez1020@example.com,58,Male,2,338.0,-0.6467638314999999,0.004039045137877804,1.0,0.8,74.0,0.378,0.667498245,0.0,1.0,0.0,50.0,3,-0.33205007799999997,"Frequent dissatisfied users (higher complaint volume, mostly negative sentiment)",,,
1021,Sophia Taylor,sophia.taylor1021@example.com,44,Female,2,106.5,-0.8262195585,0.0006455831063472559,1.0,0.21978021978021978,272.0,0.1725,0.6538963565,0.0,4.0,0.0,50.0,3,0.5285623145,"Balanced users (moderate complaints, mixed sentiment, low escalation risk)",,,
1022,Evelyn Taylor,evelyn.taylor1022@example.com,25,Male,2,88.5,-0.830438852,0.01335066874746884,1.0,3.5294117647058822,16.0,0.1895,0.6612176265,0.5,4.5,0.25,100.0,3,0.8761433064999999,"Balanced users (moderate complaints, mixed sentiment, low escalation risk)",,,
1023,David Martin,david.martin1023@example.com,58,Male,2,184.0,-0.233218338,0.04241749992072846,0.5,0.8955223880597015,66.0,0.128,0.44559596,0.0,,,0.0,1,0.175723448,"High-risk escalators (high risk profile, aggressive tone, lower resolution)",,,
1024,Evelyn Garcia,evelyn.garcia1024@example.com,27,Male,3,225.66666666666666,-0.7431964673333334,0.0031415448775407796,1.0,0.30927835051546393,145.0,0.17233333333333334,0.6268555186666667,0.0,4.0,0.0,33.33333333333333,2,0.40744409466666665,"Balanced users (moderate complaints, mixed sentiment, low escalation risk)",,,
1025,Amelia Thomas,amelia.thomas1025@example.com,60,Female,4,137.0,-0.71400053775,0.021380159981114335,1.0,0.3614457831325301,110.33333333333333,0.154,0.6109501749999999,0.0,4.0,0.6666666666666666,75.0,2,0.50275777275,"Balanced users (moderate complaints, mixed sentiment, low escalation risk)",,,
1026,Abigail Thompson,abigail.thompson1026@example.com,53,Male,2,469.0,-0.144719275,0.012151151585636646,0.0,0.1986754966887417,301.0,0.2455,0.4579587645,0.0,,,0.0,1,0.175723448,"High-risk escalators (high risk profile, aggressive tone, lower resolution)",,,
1027,Charlotte Anderson,charlotte.anderson1027@example.com,47,Female,4,164.5,-0.65506426975,0.006032240659388859,1.0,0.631578947368421,63.0,0.25225,0.6261833875,0.0,2.0,0.0,25.0,3,-0.091601957,"Frequent dissatisfied users (higher complaint volume, mostly negative sentiment)",,,
1028,Isabella Brown,isabella.brown1028@example.com,57,Female,4,116.75,-0.72525335125,0.03032501792733966,1.0,0.6417112299465241,62.0,0.17125,0.620644839,0.25,3.3333333333333335,1.5555555555555554,75.0,3,-0.07542263375000002,"Frequent dissatisfied users (higher complaint volume, mostly negative sentiment)",,,
1029,David Robinson,david.robinson1029@example.com,22,Male,5,147.6,-0.6983340977999999,0.041884206201728044,1.0,0.5263157894736842,71.0,0.23879999999999998,0.6355385816,0.2,3.2,1.3599999999999999,100.0,3,0.32136218240000003,"Frequent dissatisfied users (higher complaint volume, mostly negative sentiment)",,,
1030,Evelyn Martinez,evelyn.martinez1030@example.com,43,Male,2,127.5,-0.276027966,0.058357249082147414,0.5,0.5454545454545454,109.0,0.14250000000000002,0.46458408900000003,0.0,1.0,0.0,50.0,1,-0.35895564449999995,"High-risk escalators (high risk profile, aggressive tone, lower resolution)",,,
1031,Ethan Martinez,ethan.martinez1031@example.com,53,Male,8,287.5,-0.566928388375,0.09313257225889632,0.75,0.6956521739130435,49.142857142857146,0.254125,0.598195476,0.125,3.75,0.4375,100.0,3,0.15893151787499998,"Frequent dissatisfied users (higher complaint volume, mostly negative sentiment)",,,
1032,David Smith,david.smith1032@example.com,42,Male,1,31.0,-0.77533263,0.0,1.0,15.0,,0.02,0.583983105,0.0,,,0.0,1,0.175723448,"Balanced users (moderate complaints, mixed sentiment, low escalation risk)",,,
1033,Ava White,ava.white1033@example.com,44,Female,4,304.5,-0.37557791175,0.0471943754438785,0.5,0.37735849056603776,105.66666666666667,0.316,0.5576628215,0.25,4.0,0.0,50.0,3,-0.019925978250000007,"High-risk escalators (high risk profile, aggressive tone, lower resolution)",,,
1034,Michael Martin,michael.martin1034@example.com,38,Male,7,189.14285714285714,-0.6228030345714286,0.04154426471471408,0.7142857142857143,0.84,41.5,0.3178571428571429,0.638660986142857,0.42857142857142855,3.25,1.6875,71.42857142857143,3,0.30541222,"Frequent dissatisfied users (higher complaint volume, mostly negative sentiment)",3.0,0.3573,0.5064
1035,James Martinez,james.martinez1035@example.com,41,Male,7,244.57142857142858,-0.6396768775714285,0.022347355680945903,0.8571428571428571,0.9952606635071091,35.0,0.33814285714285713,0.6512449851428571,0.2857142857142857,4.0,0.5,57.14285714285714,3,0.401605608,"Balanced users (moderate complaints, mixed sentiment, low escalation risk)",,,
1036,David Martinez,david.martinez1036@example.com,28,Male,3,189.0,-0.39591771366666667,0.048862986094363986,0.6666666666666666,0.37974683544303794,118.0,0.21433333333333335,0.5286899233333333,0.0,3.5,0.25,66.66666666666666,1,0.19729587899999998,"High-risk escalators (high risk profile, aggressive tone, lower resolution)",,,
1037,Harper Clark,harper.clark1037@example.com,41,Male,3,353.3333333333333,-0.5799161196666667,0.003480919838083169,1.0,0.7086614173228346,63.0,0.14833333333333332,0.5653894056666667,0.0,3.0,4.0,66.66666666666666,1,0.05101023599999999,"Frequent dissatisfied users (higher complaint volume, mostly negative sentiment)",,,
1038,Michael Martinez,michael.martinez1038@example.com,38,Male,2,162.0,-0.645900577,0.021591668060753293,0.5,0.38961038961038963,153.0,0.08,0.5629176875,0.0,3.0,4.0,100.0,1,-0.011374652499999971,"Frequent dissatisfied users (higher complaint volume, mostly negative sentiment)",,,
1039,Daniel Brown,daniel.brown1039@example.com,57,Male,2,347.5,-0.6290364715,0.04902811193697854,1.0,0.2912621359223301,205.0,0.2755,0.625861853,0.5,2.0,0.0,50.0,3,-0.35892736199999997,"Frequent dissatisfied users (higher complaint volume, mostly negative sentiment)",,,
1040,Isabella Taylor,isabella.taylor1040@example.com,49,Female,3,418.3333333333333,-0.33761563433333336,0.08248612087199388,0.3333333333333333,0.34615384615384615,129.5,0.223,0.5127750813333334,0.0,3.3333333333333335,2.8888888888888893,100.0,1,0.13849892200000002,"High-risk escalators (high risk profile, aggressive tone, lower resolution)",,,
1041,Ava Martinez,ava.martinez1041@example.com,57,Female,10,298.0,-0.5389623246,0.05524180558864892,0.7,0.9063444108761329,36.666666666666664,0.2407,0.5844077556,0.2,3.8333333333333335,1.805555555555556,60.0,3,0.12205472579999999,"Frequent dissatisfied users (higher complaint volume, mostly negative sentiment)",,,
1042,Lucas Johnson,lucas.johnson1042@example.com,36,Male,6,388.8333333333333,-0.6731353603333333,0.0059635589365913365,1.0,0.5521472392638037,65.0,0.2095,0.617093992,0.16666666666666666,4.666666666666667,0.22222222222222224,50.0,3,0.3594456586666666,"Balanced users (moderate complaints, mixed sentiment, low escalation risk)",,,
1043,Noah Robinson,noah.robinson1043@example.com,60,Male,3,178.33333333333334,-0.6093455753333333,0.05594494753657316,0.6666666666666666,0.8181818181818181,54.5,0.18600000000000003,0.5881373116666667,0.3333333333333333,3.0,0.0,33.33333333333333,3,-0.037930032,"Frequent dissatisfied users (higher complaint volume, mostly negative sentiment)",,,
1045,Robert Smith,robert.smith1045@example.com,40,Male,4,200.0,-0.48256849125,0.09401820051304625,0.75,1.6666666666666665,23.666666666666668,0.42775,0.6315472595,0.25,4.0,0.0,50.0,3,0.174411185,"Balanced users (moderate complaints, mixed sentiment, low escalation risk)",,,
1046,Mia Lewis,mia.lewis1046@example.com,26,Female,3,248.0,-0.38833671799999997,0.08984272500377198,0.6666666666666666,0.5202312138728323,86.0,0.27233333333333337,0.5465261,0.0,2.5,2.25,66.66666666666666,2,-0.021115198999999973,"Frequent dissatisfied users (higher complaint volume, mostly negative sentiment)",,,
1047,Mia Smith,mia.smith1047@example.com,24,Female,3,249.66666666666666,-0.4292118696666667,0.10146256172918673,0.3333333333333333,0.44776119402985076,100.0,0.17766666666666667,0.5266771913333333,0.0,4.333333333333333,0.22222222222222224,100.0,1,0.4675560543333333,"High-risk escalators (high risk profile, aggressive tone, lower resolution)",,,
1048,Mia Johnson,mia.johnson1048@example.com,37,Female,2,321.0,-0.6830697655,0.00479026239299356,1.0,1.4285714285714284,41.0,0.3015,0.6525226735,0.0,5.0,0.0,100.0,3,0.8761433064999999,"Balanced users (moderate complaints, mixed sentiment, low escalation risk)",,,
1049,William Jackson,william.jackson1049@example.com,34,Male,4,253.25,-0.652128726,0.027452437940708233,0.75,0.5240174672489083,76.0,0.2225,0.6148168359999999,0.0,3.6666666666666665,1.5555555555555554,75.0,2,0.26941766200000006,"Frequent dissatisfied users (higher complaint volume, mostly negative sentiment)",,,
1050,Sophia Robinson,sophia.robinson1050@example.com,26,Female,3,151.33333333333334,-0.6103502413333334,0.12790265501404477,0.6666666666666666,0.6122448979591836,73.0,0.11166666666666665,0.5624471616666668,0.0,4.0,0.0,66.66666666666666,1,-0.27140037733333333,"High-risk escalators (high risk profile, aggressive tone, lower resolution)",,,
1051,Emma Garcia,emma.garcia1051@example.com,54,Female,1,129.0,-0.031604178,0.0,0.0,15.0,,0.103,0.371321358,0.0,,,0.0,1,0.175723448,"High-risk escalators (high risk profile, aggressive tone, lower resolution)",,,
1052,Abigail Martin,abigail.martin1052@example.com,52,Male,6,274.6666666666667,-0.5090733470000001,0.04730610603234587,0.8333333333333334,0.6593406593406594,54.4,0.20283333333333334,0.5614405045,0.0,3.75,1.6875,66.66666666666666,2,0.08809978733333333,"Frequent dissatisfied users (higher complaint volume, mostly negative sentiment)",,,
1053,William Garcia,william.garcia1053@example.com,40,Male,2,209.5,-0.5451384335,0.053681045470731915,1.0,0.9090909090909092,65.0,0.42000000000000004,0.649169991,0.5,,,0.0,3,0.175723448,"Balanced users (moderate complaints, mixed sentiment, low escalation risk)",,,
1054,Abigail White,abigail.white1054@example.com,46,Male,4,205.25,-0.47056959125,0.15532076512402893,0.5,0.6122448979591836,65.0,0.22699999999999998,0.55738511675,0.25,3.0,0.0,25.0,2,0.015483338,"High-risk escalators (high risk profile, aggressive tone, lower resolution)",,,
1055,Isabella Lewis,isabella.lewis1055@example.com,50,Female,3,195.0,-0.550695101,0.03924122525356435,1.0,0.8333333333333333,53.5,0.2876666666666667,0.6046592409999999,0.3333333333333333,4.0,0.0,66.66666666666666,3,0.6426700203333333,"Balanced users (moderate complaints, mixed sentiment, low escalation risk)",,,
1056,Noah Martin,noah.martin1056@example.com,28,Male,5,159.6,-0.6541898848,0.041539951415284514,0.8,0.4411764705882353,84.75,0.19519999999999998,0.6059317126,0.0,5.0,0.0,40.0,2,0.4558913738,"Balanced users (moderate complaints, mixed sentiment, low escalation risk)",,,
1057,Lucas Martin,lucas.martin1057@example.com,50,Male,7,240.0,-0.5689025607142857,0.06229462397980586,0.7142857142857143,0.6422018348623852,54.333333333333336,0.2937142857142857,0.6126933321428571,0.14285714285714285,4.0,1.5,57.14285714285714,3,0.21284732414285715,"Frequent dissatisfied users (higher complaint volume, mostly negative sentiment)",,,
1058,Ava Jackson,ava.jackson1058@example.com,39,Female,4,180.5,-0.29238320500000003,0.16117442921646066,0.5,0.6282722513089005,63.333333333333336,0.17400000000000002,0.48092454149999997,0.0,4.5,0.25,100.0,1,0.521992162,"High-risk escalators (high risk profile, aggressive tone, lower resolution)",,,
1059,David Johnson,david.johnson1059@example.com,55,Male,4,306.5,-0.56476250275,0.00893239983947652,1.0,0.5286343612334802,75.33333333333333,0.222,0.5862478135,0.0,5.0,0.0,25.0,2,0.35214287025,"Balanced users (moderate complaints, mixed sentiment, low escalation risk)",,,
1061,Mia Johnson,mia.johnson1061@example.com,47,Female,3,568.0,-0.482648621,0.0013639723121931992,1.0,0.5660377358490566,79.0,0.16366666666666665,0.539144135,0.0,4.0,0.0,66.66666666666666,1,0.6426700003333333,"Balanced users (moderate complaints, mixed sentiment, low escalation risk)",,,
1062,Mia Harris,mia.harris1062@example.com,52,Female,6,199.5,-0.7111066778333334,0.01110794012270245,1.0,0.6818181818181819,52.6,0.20366666666666666,0.6273930038333333,0.16666666666666666,2.0,0.5,66.66666666666666,3,-0.44878526533333335,"Frequent dissatisfied users (higher complaint volume, mostly negative sentiment)",,,
1063,Ethan Lewis,ethan.lewis1063@example.com,57,Male,2,270.0,-0.14548763450000002,0.032192903774339914,0.0,0.5042016806722689,118.0,0.1555,0.4267084815,0.0,3.0,1.0,100.0,1,0.015530914000000007,"High-risk escalators (high risk profile, aggressive tone, lower resolution)",,,
1064,Mia Jackson,mia.jackson1064@example.com,28,Female,4,121.5,-0.5955743195000001,0.018709238194658327,0.75,0.4181184668989547,95.33333333333333,0.11025,0.557149154,0.0,5.0,0.0,75.0,1,0.645643968,"Balanced users (moderate complaints, mixed sentiment, low escalation risk)",,,
1065,Ava Clark,ava.clark1065@example.com,42,Female,3,213.0,-0.47812352100000005,0.0410766660653201,0.6666666666666666,1.0227272727272727,43.5,0.17200000000000001,0.5405901443333333,0.0,4.666666666666667,0.22222222222222224,100.0,1,0.8814011809999999,"High-risk escalators (high risk profile, aggressive tone, lower resolution)",,,
1066,Ella Thompson,ella.thompson1066@example.com,42,Female,4,271.0,-0.40858494624999997,0.12683208446218341,0.5,0.47619047619047616,83.66666666666667,0.17825000000000002,0.5201776075,0.0,4.0,0.0,50.0,1,0.32896727675000004,"High-risk escalators (high risk profile, aggressive tone, lower resolution)",,,
1067,Evelyn Brown,evelyn.brown1067@example.com,57,Male,4,218.5,-0.6457925885,0.03953061400634809,1.0,0.3418803418803419,116.66666666666667,0.14125,0.58432009125,0.0,4.5,0.25,50.0,2,0.41514457000000005,"Balanced users (moderate complaints, mixed sentiment, low escalation risk)",,,
1068,Mia Lewis,mia.lewis1068@example.com,26,Female,8,240.25,-0.59853602575,0.030966394370627,0.875,1.4035087719298245,24.285714285714285,0.2985,0.62399920825,0.375,3.8,2.16,62.5,3,0.15138500712500003,"Frequent dissatisfied users (higher complaint volume, mostly negative sentiment)",,,
1069,Harper Taylor,harper.taylor1069@example.com,38,Male,4,270.75,-0.4548492655,0.2814919880457435,0.75,0.46511627906976744,85.66666666666667,0.20425,0.54431351125,0.0,3.0,0.0,50.0,1,-0.17448207000000002,"High-risk escalators (high risk profile, aggressive tone, lower resolution)",,,
1070,Abigail Brown,abigail.brown1070@example.com,34,Male,3,82.0,-0.754222512,0.008314079809345462,1.0,0.375,119.5,0.10166666666666667,0.6057056496666666,0.0,4.0,1.0,66.66666666666666,2,0.38355380266666667,"Balanced users (moderate complaints, mixed sentiment, low escalation risk)",,,
1071,Isabella White,isabella.white1071@example.com,33,Female,6,356.8333333333333,-0.1933198108333333,0.06998927795309798,0.3333333333333333,0.7964601769911505,45.0,0.211,0.46167893866666665,0.0,2.6666666666666665,2.8888888888888893,50.0,1,-0.10090335233333335,"High-risk escalators (high risk profile, aggressive tone, lower resolution)",,,
1072,Isabella Clark,isabella.clark1072@example.com,58,Female,2,131.5,-0.8032221795000001,0.0009337616313026802,1.0,0.41666666666666663,143.0,0.1895,0.652372208,0.0,,,0.0,3,0.175723448,"Balanced users (moderate complaints, mixed sentiment, low escalation risk)",,,
1073,Ethan Jackson,ethan.jackson1073@example.com,25,Male,3,140.33333333333334,-0.5580717426666667,0.009445906143799108,0.6666666666666666,0.7826086956521738,57.0,0.14633333333333334,0.5575899830000001,0.0,5.0,0.0,33.33333333333333,1,0.41094935899999996,"Balanced users (moderate complaints, mixed sentiment, low escalation risk)",,,
1074,David Anderson,david.anderson1074@example.com,49,Male,6,148.5,-0.4547191555,0.07686364878902896,0.5,0.5142857142857143,69.8,0.15033333333333335,0.5254003921666667,0.0,3.6,0.6400000000000002,83.33333333333334,1,-0.06645072766666667,"High-risk escalators (high risk profile, aggressive tone, lower resolution)",,,
1075,Ella Brown,ella.brown1075@example.com,53,Female,2,294.0,-0.7034612595,0.0024995988660921355,1.0,0.7792207792207793,76.0,0.1285,0.5985999095,0.0,3.0,0.0,50.0,2,-0.17448209200000003,"Balanced users (moderate complaints, mixed sentiment, low escalation risk)",,,
1076,Noah Jackson,noah.jackson1076@example.com,24,Male,1,228.0,-0.648140848,0.0,1.0,15.0,,0.221,0.612995776,0.0,5.0,0.0,100.0,2,0.654565692,"Balanced users (moderate complaints, mixed sentiment, low escalation risk)",,,
1077,Evelyn Brown,evelyn.brown1077@example.com,30,Male,4,345.5,-0.5746994762500001,0.019971247471727592,0.75,0.5042016806722689,79.0,0.2735,0.60750232975,0.25,4.0,1.0,50.0,3,0.331596203,"Balanced users (moderate complaints, mixed sentiment, low escalation risk)",,,
1078,Daniel Clark,daniel.clark1078@example.com,40,Male,7,179.57142857142858,-0.6536750537142856,0.06063036102363019,0.8571428571428571,0.9813084112149532,35.5,0.2294285714285714,0.6177443924285714,0.14285714285714285,3.5,0.75,57.14285714285714,3,0.07166685357142856,"Frequent dissatisfied users (higher complaint volume, mostly negative sentiment)",,,
1079,William Clark,william.clark1079@example.com,56,Male,4,215.5,-0.408959277,0.09243595115900302,1.0,0.6857142857142857,58.0,0.25425,0.546899265,0.0,4.0,0.6666666666666666,75.0,1,0.30898438,"High-risk escalators (high risk profile, aggressive tone, lower resolution)",,,
1080,Amelia Harris,amelia.harris1080@example.com,38,Female,2,229.0,-0.5197072775,0.006324743740986311,1.0,0.33333333333333337,179.0,0.2335,0.5756298655000001,0.0,4.5,0.25,100.0,2,0.7679834365,"Balanced users (moderate complaints, mixed sentiment, low escalation risk)",,,
1081,David Johnson,david.johnson1081@example.com,30,Male,5,545.2,-0.6419291645999999,0.05857899259493919,1.0,0.6,62.25,0.2504,0.6212669786,0.0,3.4,1.4400000000000002,100.0,2,0.3234540192,"Frequent dissatisfied users (higher complaint volume, mostly negative sentiment)",,,
1082,Amelia Lewis,amelia.lewis1082@example.com,51,Female,4,221.25,-0.6295472235,0.021312649574514033,1.0,0.8695652173913043,45.666666666666664,0.2685,0.6235778475,0.0,4.333333333333333,0.22222222222222224,75.0,3,0.308984384,"Balanced users (moderate complaints, mixed sentiment, low escalation risk)",,,
1083,Abigail Garcia,abigail.garcia1083@example.com,28,Male,2,424.0,-0.3241133095,0.009911438451783055,0.5,1.1764705882352942,50.0,0.2455,0.5162618255,0.0,4.5,0.25,100.0,1,0.881401181,"High-risk escalators (high risk profile, aggressive tone, lower resolution)",,,
1084,Robert Jackson,robert.jackson1084@example.com,42,Male,4,126.0,-0.42101363275000003,0.08469518623474394,0.75,0.40955631399317405,97.33333333333333,0.163,0.51887943075,0.0,4.0,0.0,25.0,1,0.35214288125,"High-risk escalators (high risk profile, aggressive tone, lower resolution)",,,
1085,Charlotte Martin,charlotte.martin1085@example.com,23,Female,2,86.5,-0.8871422710000001,0.0012619616808100002,1.0,0.7692307692307692,77.0,0.13,0.6588212385000001,0.5,4.5,0.25,100.0,3,0.7679834365,"Balanced users (moderate complaints, mixed sentiment, low escalation risk)",,,
1086,John Brown,john.brown1086@example.com,28,Male,3,189.33333333333334,-0.6844728986666667,0.00012797751441093655,1.0,0.3734439834024896,120.0,0.168,0.6062536923333334,0.0,4.5,0.25,66.66666666666666,2,0.6426700203333334,"Balanced users (moderate complaints, mixed sentiment, low escalation risk)",,,
1087,Lucas Clark,lucas.clark1087@example.com,50,Male,5,316.2,-0.4485385089999999,0.09575081147739123,0.6,1.5,24.75,0.2374,0.5538650154,0.2,4.0,0.0,20.0,2,0.047531351199999995,"High-risk escalators (high risk profile, aggressive tone, lower resolution)",,,
1088,Isabella Thompson,isabella.thompson1088@example.com,21,Female,5,209.8,-0.7058079122,0.025354123684589964,1.0,0.6637168141592921,56.25,0.153,0.6079375718,0.0,3.5,2.25,80.0,2,0.081325945,"Frequent dissatisfied users (higher complaint volume, mostly negative sentiment)",,,
1089,David Anderson,david.anderson1089@example.com,38,Male,1,56.0,-0.058884997,0.0,0.0,15.0,,0.032,0.355337624,0.0,4.0,0.0,100.0,1,0.881401181,"High-risk escalators (high risk profile, aggressive tone, lower resolution)",,,
1090,Isabella Martin,isabella.martin1090@example.com,50,Female,5,347.0,-0.6210162161999999,0.033039326466438805,0.8,0.9554140127388535,39.0,0.30579999999999996,0.6338602703999999,0.2,5.0,0.0,20.0,3,0.31685898580000005,"Balanced users (moderate complaints, mixed sentiment, low escalation risk)",,,
1091,Harper Jackson,harper.jackson1091@example.com,41,Male,2,120.5,-0.850868672,3.810500305562495e-05,1.0,0.5882352941176471,101.0,0.2925,0.7039073185,0.5,4.0,0.0,50.0,3,0.52330444,"Balanced users (moderate complaints, mixed sentiment, low escalation risk)",,,
1092,Olivia Robinson,olivia.robinson1092@example.com,26,Female,5,330.8,-0.5502667292,0.07172672275621779,0.8,0.473186119873817,79.0,0.227,0.5832866872,0.2,4.333333333333333,0.22222222222222224,60.0,3,0.5970269380000001,"Balanced users (moderate complaints, mixed sentiment, low escalation risk)",,,
1093,Ethan Clark,ethan.clark1093@example.com,27,Male,8,100.875,-0.629672818,0.036276695309931606,0.875,0.8080808080808081,42.285714285714285,0.12075000000000001,0.571906165875,0.0,4.0,1.0,75.0,1,0.277672257125,"Frequent dissatisfied users (higher complaint volume, mostly negative sentiment)",,,
1094,Charlotte Thompson,charlotte.thompson1094@example.com,46,Female,2,54.0,-0.8304819465,0.0006368020706289062,1.0,0.335195530726257,178.0,0.1675,0.6535316325,0.0,4.0,0.0,100.0,3,0.173098922,"Balanced users (moderate complaints, mixed sentiment, low escalation risk)",,,
1096,Harper Thompson,harper.thompson1096@example.com,21,Male,1,144.0,-0.145410448,0.0,0.0,15.0,,0.177,0.434208396,0.0,5.0,0.0,100.0,1,0.870885432,"High-risk escalators (high risk profile, aggressive tone, lower resolution)",,,
1097,Robert Jackson,robert.jackson1097@example.com,45,Male,2,124.0,-0.608972758,0.025984253903935033,1.0,0.19736842105263158,303.0,0.164,0.5803161465,0.0,4.0,0.0,50.0,2,-0.144756772,"Balanced users (moderate complaints, mixed sentiment, low escalation risk)",,,
1099,Sophia Martin,sophia.martin1099@example.com,26,Female,7,176.71428571428572,-0.473800541,0.15603589090931771,0.5714285714285714,0.5932203389830509,58.833333333333336,0.13985714285714285,0.5279351758571428,0.0,3.2,3.3599999999999994,71.42857142857143,1,0.15409314185714287,"High-risk escalators (high risk profile, aggressive tone, lower resolution)",,,
1100,David Taylor,david.taylor1100@example.com,56,Male,7,169.28571428571428,-0.6515968015714285,0.0119630726709995,0.8571428571428571,1.25,27.833333333333332,0.1407142857142857,0.5860189602857143,0.0,4.666666666666667,0.22222222222222224,42.857142857142854,2,0.47815675585714285,"Balanced users (moderate complaints, mixed sentiment, low escalation risk)",,,
1101,Emma Lewis,emma.lewis1101@example.com,44,Female,4,262.5,-0.4265931155,0.1784429607819469,0.75,0.49586776859504134,80.33333333333333,0.516,0.64424276225,0.5,4.0,1.0,50.0,3,0.17704011125,One-time intense cases (few complaints but highly negative; often resolved),,,
1102,Harper Garcia,harper.garcia1102@example.com,39,Male,4,119.5,-0.58279104525,0.016523095258598627,1.0,0.42402826855123676,94.0,0.20450000000000002,0.5859820895,0.0,4.5,0.25,100.0,2,0.87877224375,"Balanced users (moderate complaints, mixed sentiment, low escalation risk)",,,
1103,John White,john.white1103@example.com,37,Male,2,79.5,-0.7441152335000001,0.03132682169886556,1.0,0.437956204379562,136.0,0.1615,0.623362451,0.0,1.5,0.25,100.0,2,-0.8667291705,"Frequent dissatisfied users (higher complaint volume, mostly negative sentiment)",,,
1104,Sophia Thomas,sophia.thomas1104@example.com,22,Female,4,175.0,-0.7603453545,0.005569145392613058,1.0,8.0,4.666666666666667,0.1125,0.61148724025,0.0,3.3333333333333335,1.5555555555555554,75.0,2,0.06425666775,"Frequent dissatisfied users (higher complaint volume, mostly negative sentiment)",,,
1105,Daniel Thomas,daniel.thomas1105@example.com,51,Male,6,370.1666666666667,-0.6561943838333334,0.04155481911997563,0.8333333333333334,0.6360424028268552,56.4,0.3615,0.6647881748333333,0.5,3.0,1.5,66.66666666666666,3,0.07643871,"Frequent dissatisfied users (higher complaint volume, mostly negative sentiment)",,,
1106,Matthew Thompson,matthew.thompson1106@example.com,37,Male,2,287.0,-0.5943826735,0.006552013456306574,1.0,0.8823529411764706,67.0,0.1395,0.566999369,0.0,2.0,0.0,50.0,1,-0.33205007799999997,"Frequent dissatisfied users (higher complaint volume, mostly negative sentiment)",,,
1107,Isabella Martin,isabella.martin1107@example.com,51,Female,5,154.2,-0.6367976428,0.020771058727728595,1.0,0.5154639175257733,72.5,0.3004,0.6370992338,0.4,3.6666666666666665,1.5555555555555554,80.0,3,0.2420197544,"Frequent dissatisfied users (higher complaint volume, mostly negative sentiment)",,,
1108,Noah Harris,noah.harris1108@example.com,43,Male,5,219.0,-0.6188243715999999,0.12342016848948834,0.8,0.9146341463414633,40.75,0.25680000000000003,0.6159979208,0.4,5.0,0.0,20.0,3,0.3168589858,"Balanced users (moderate complaints, mixed sentiment, low escalation risk)",,,
1109,Amelia White,amelia.white1109@example.com,27,Female,5,129.6,-0.6187303662,0.05231908511924509,0.8,0.4901960784313726,76.25,0.2164,0.601827369,0.2,2.0,0.0,20.0,3,-0.038148188999999985,"Frequent dissatisfied users (higher complaint volume, mostly negative sentiment)",,,
1110,Ethan Martinez,ethan.martinez1110@example.com,28,Male,5,216.6,-0.48530116979999993,0.07446356742428878,0.6,0.5882352941176471,63.5,0.1994,0.55251288,0.2,3.0,1.5,80.0,2,-0.0988880934,"High-risk escalators (high risk profile, aggressive tone, lower resolution)",,,
1111,Michael Jackson,michael.jackson1111@example.com,40,Male,1,443.0,-0.628286719,0.0,1.0,15.0,,0.272,0.624393184,0.0,5.0,0.0,100.0,3,0.870885432,"Balanced users (moderate complaints, mixed sentiment, low escalation risk)",,,
1112,Emily Jackson,emily.jackson1112@example.com,35,Male,3,96.0,-0.6805943249999999,0.0071469617323647915,1.0,0.4712041884816754,95.0,0.21633333333333335,0.6219098223333334,0.0,4.0,0.0,33.33333333333333,2,0.33533752933333333,"Balanced users (moderate complaints, mixed sentiment, low escalation risk)",,,
1113,Harper Thomas,harper.thomas1113@example.com,54,Male,3,246.66666666666666,-0.628700207,0.016791102306106555,1.0,2.5714285714285716,17.0,0.18533333333333335,0.5941942343333334,0.0,5.0,0.0,66.66666666666666,2,0.5670581906666667,"Balanced users (moderate complaints, mixed sentiment, low escalation risk)",,,
1114,David Jackson,david.jackson1114@example.com,50,Male,4,141.5,-0.53248100725,0.03940824901235723,0.75,0.5714285714285715,69.66666666666667,0.1225,0.54093132725,0.0,3.0,1.0,50.0,1,0.095627181,"High-risk escalators (high risk profile, aggressive tone, lower resolution)",,,
1115,Lucas Garcia,lucas.garcia1115@example.com,28,Male,7,118.14285714285714,-0.6536364598571429,0.04139368199027006,1.0,0.7046979865771812,49.5,0.19128571428571428,0.6043818492857144,0.0,4.0,0.3333333333333333,85.71428571428571,2,0.3534360505714286,"Frequent dissatisfied users (higher complaint volume, mostly negative sentiment)",,,
1116,Isabella Martinez,isabella.martinez1116@example.com,41,Female,1,222.0,-0.508181751,0.0,1.0,15.0,,0.229,0.570309069,0.0,4.0,0.0,100.0,2,-0.465236992,"Balanced users (moderate complaints, mixed sentiment, low escalation risk)",,,
1117,Lucas Smith,lucas.smith1117@example.com,40,Male,5,206.8,-0.5388433874,0.06080421749079099,0.6,0.5050505050505051,74.0,0.1338,0.5469541010000001,0.0,3.6666666666666665,1.5555555555555554,60.0,1,0.2399279088,"High-risk escalators (high risk profile, aggressive tone, lower resolution)",,,
1118,Matthew Brown,matthew.brown1118@example.com,39,Male,1,419.0,-0.114088982,0.0,0.0,15.0,,0.3,0.467078919,0.0,,,0.0,1,0.175723448,"High-risk escalators (high risk profile, aggressive tone, lower resolution)",,,
1119,Evelyn Lewis,evelyn.lewis1119@example.com,47,Male,3,86.66666666666667,-0.7536320483333333,0.009691794793050741,1.0,1.2857142857142858,34.5,0.29233333333333333,0.672247082,0.3333333333333333,4.0,1.0,66.66666666666666,3,0.307941973,"Balanced users (moderate complaints, mixed sentiment, low escalation risk)",,,
1120,Emma Garcia,emma.garcia1120@example.com,37,Female,5,219.0,-0.6273828029999999,0.014765087581242745,1.0,0.6578947368421052,56.75,0.13620000000000002,0.5765694112,0.0,3.0,0.0,20.0,2,0.035641232,"Frequent dissatisfied users (higher complaint volume, mostly negative sentiment)",,,
1121,Noah Smith,noah.smith1121@example.com,53,Male,4,369.0,-0.52377071975,0.023413587665615635,1.0,0.46511627906976744,85.66666666666667,0.25675000000000003,0.58508798425,0.0,4.0,0.6666666666666666,75.0,2,0.50275761625,"Balanced users (moderate complaints, mixed sentiment, low escalation risk)",,,
1122,Emma Anderson,emma.anderson1122@example.com,43,Female,4,93.5,-0.58885945375,0.09184065374792393,0.5,0.8333333333333333,47.666666666666664,0.0765,0.54315432225,0.0,2.5,2.25,50.0,1,0.09562717000000001,"High-risk escalators (high risk profile, aggressive tone, lower resolution)",,,
1123,David Thompson,david.thompson1123@example.com,34,Male,4,189.75,-0.39358090900000003,0.05602051697451661,0.75,1.0909090909090908,36.333333333333336,0.1595,0.5087387955,0.0,4.5,0.25,100.0,1,0.81943441925,"High-risk escalators (high risk profile, aggressive tone, lower resolution)",,,
1124,Sophia Thomas,sophia.thomas1124@example.com,29,Female,5,72.2,-0.7063905478,0.017032245463193228,1.0,0.9036144578313253,41.25,0.1712,0.6144969282,0.0,3.5,2.25,40.0,2,0.11164642260000002,"Frequent dissatisfied users (higher complaint volume, mostly negative sentiment)",,,
1125,Charlotte Lewis,charlotte.lewis1125@example.com,22,Female,3,422.3333333333333,-0.486134857,0.0005443895787044933,1.0,0.430622009569378,104.0,0.361,0.6093438286666667,0.0,1.0,0.0,33.33333333333333,3,-0.18072929499999998,"Frequent dissatisfied users (higher complaint volume, mostly negative sentiment)",,,
1126,Daniel White,daniel.white1126@example.com,28,Male,3,290.6666666666667,-0.4675210813333333,0.16243882803308554,0.6666666666666666,0.49723756906077343,90.0,0.21133333333333335,0.550911018,0.0,4.0,0.0,66.66666666666666,1,0.307941973,"High-risk escalators (high risk profile, aggressive tone, lower resolution)",,,
1127,Matthew Anderson,matthew.anderson1127@example.com,27,Male,2,81.5,-0.833223879,0.000804513262507246,1.0,0.25,239.0,0.0425,0.6106727605,0.0,4.0,0.0,50.0,2,0.52330444,"Balanced users (moderate complaints, mixed sentiment, low escalation risk)",,,
1128,Matthew Anderson,matthew.anderson1128@example.com,55,Male,3,108.0,-0.5806619726666666,0.05647274555955137,1.0,0.4326923076923077,103.5,0.25133333333333335,0.6016818076666667,0.0,4.5,0.25,66.66666666666666,2,0.10186718400000001,"Balanced users (moderate complaints, mixed sentiment, low escalation risk)",,,
1129,Sophia Thompson,sophia.thompson1129@example.com,46,Female,4,132.75,-0.5524314045000001,0.02906552578141193,0.75,0.40540540540540543,98.33333333333333,0.09625,0.5382277065000001,0.0,3.0,1.0,50.0,1,-0.1121485945,"High-risk escalators (high risk profile, aggressive tone, lower resolution)",,,
1130,John Anderson,john.anderson1130@example.com,35,Male,4,333.25,-0.51220848425,0.019517964908859063,1.0,0.41379310344827586,96.33333333333333,0.25775000000000003,0.5816802575,0.0,4.25,0.6875,100.0,2,0.11901898699999999,"Balanced users (moderate complaints, mixed sentiment, low escalation risk)",,,
1131,Charlotte Martin,charlotte.martin1131@example.com,48,Female,3,238.0,-0.5332398663333333,0.10049395849084063,0.6666666666666666,0.9183673469387755,48.5,0.14633333333333334,0.5495196233333334,0.0,2.3333333333333335,0.22222222222222224,100.0,1,-0.56455871,"High-risk escalators (high risk profile, aggressive tone, lower resolution)",,,
1132,Sophia Martin,sophia.martin1132@example.com,37,Female,4,321.75,-0.51662229,0.07330455572889077,0.75,0.9375,42.333333333333336,0.2925,0.5952772442500001,0.25,4.0,0.0,50.0,3,0.19190277125,"Balanced users (moderate complaints, mixed sentiment, low escalation risk)",,,
1133,Noah Clark,noah.clark1133@example.com,32,Male,6,325.3333333333333,-0.6472311515,0.008742666692294407,1.0,0.7171314741035857,50.0,0.47350000000000003,0.7010751243333333,0.6666666666666666,3.2,0.96,83.33333333333334,3,0.003002365166666678,"Frequent dissatisfied users (higher complaint volume, mostly negative sentiment)",,,
1134,Daniel Martinez,daniel.martinez1134@example.com,50,Male,5,216.2,-0.6432717442,0.011872679588661558,0.8,1.094890510948905,34.0,0.2008,0.6043433168,0.2,3.5,2.25,40.0,3,0.1137495842,"Frequent dissatisfied users (higher complaint volume, mostly negative sentiment)",,,
1135,Sophia Brown,sophia.brown1135@example.com,58,Female,3,128.66666666666666,-0.5175876246666666,0.16643046635274641,0.6666666666666666,0.28571428571428575,157.0,0.09966666666666668,0.5280993116666667,0.0,4.333333333333333,0.22222222222222224,100.0,1,0.870885432,"High-risk escalators (high risk profile, aggressive tone, lower resolution)",,,
1137,Abigail Robinson,abigail.robinson1137@example.com,60,Male,3,185.0,-0.4212963433333334,0.08838129543836376,0.6666666666666666,2.25,19.5,0.20766666666666667,0.534604645,0.0,2.0,1.0,66.66666666666666,1,-0.4141807706666667,"High-risk escalators (high risk profile, aggressive tone, lower resolution)",,,
1138,Charlotte Thomas,charlotte.thomas1138@example.com,56,Female,2,140.5,-0.7391777635,0.0030799953157647298,1.0,1.2,49.0,0.239,0.648882773,0.5,4.0,0.0,50.0,3,0.5285623145,"Balanced users (moderate complaints, mixed sentiment, low escalation risk)",,,
1139,Ethan Martinez,ethan.martinez1139@example.com,39,Male,4,132.5,-0.68775425825,0.01140481457591549,1.0,0.5529953917050692,72.0,0.0985,0.582995134,0.0,3.0,1.5,100.0,2,0.23804700725,"Frequent dissatisfied users (higher complaint volume, mostly negative sentiment)",,,
1140,Charlotte Thomas,charlotte.thomas1140@example.com,44,Female,1,231.0,-0.260230899,0.0,0.0,15.0,,0.146,0.460675042,0.0,4.0,0.0,100.0,1,-0.465236992,"High-risk escalators (high risk profile, aggressive tone, lower resolution)",,,
1141,Harper Smith,harper.smith1141@example.com,48,Male,6,115.5,-0.634161358,0.04037823302911445,0.8333333333333334,0.6521739130434783,55.0,0.19299999999999998,0.5986524413333333,0.16666666666666666,2.3333333333333335,0.8888888888888888,50.0,3,-0.23597327616666666,"Frequent dissatisfied users (higher complaint volume, mostly negative sentiment)",,,
1142,Emily Brown,emily.brown1142@example.com,46,Male,1,319.0,-0.699407756,0.0,1.0,15.0,,0.33,0.667807521,0.0,4.0,0.0,100.0,3,0.654565811,"Balanced users (moderate complaints, mixed sentiment, low escalation risk)",,,
1143,Lucas Johnson,lucas.johnson1143@example.com,44,Male,8,124.5,-0.51685404025,0.0774560784344061,0.75,0.7038123167155426,48.57142857142857,0.236625,0.575796312875,0.125,4.0,0.5,50.0,2,0.42876479562500003,"Frequent dissatisfied users (higher complaint volume, mostly negative sentiment)",,,
1144,James Thomas,james.thomas1144@example.com,59,Male,2,233.0,-0.567734912,0.02603534114834644,1.0,0.46511627906976744,128.0,0.22849999999999998,0.5894888465,0.0,3.5,2.25,100.0,2,-0.006088495500000013,"Frequent dissatisfied users (higher complaint volume, mostly negative sentiment)",,,
1145,Ella Garcia,ella.garcia1145@example.com,47,Female,6,221.66666666666666,-0.5904404025,0.02623181860312684,0.8333333333333334,0.6143344709897611,58.4,0.10416666666666667,0.5533514643333334,0.0,4.0,1.5,66.66666666666666,1,0.08634714266666665,"Frequent dissatisfied users (higher complaint volume, mostly negative sentiment)",,,
1146,James Taylor,james.taylor1146@example.com,25,Male,2,151.5,-0.23855142299999998,0.008280502055485698,0.0,0.6593406593406594,90.0,0.129,0.4476792125,0.0,4.5,0.25,100.0,1,0.064939052,"High-risk escalators (high risk profile, aggressive tone, lower resolution)",,,
1147,Harper Thomas,harper.thomas1147@example.com,48,Male,4,122.25,-0.48881549399999996,0.038168476533664765,0.5,0.5084745762711864,78.33333333333333,0.13874999999999998,0.5324275355,0.0,3.0,1.0,50.0,1,0.08481747625,"High-risk escalators (high risk profile, aggressive tone, lower resolution)",,,
1148,Emily Thompson,emily.thompson1148@example.com,59,Male,5,348.8,-0.478280279,0.09290511013733535,0.6,0.43731778425655976,85.5,0.2024,0.5512810906000001,0.0,4.0,1.5,80.0,1,0.11383897940000001,"High-risk escalators (high risk profile, aggressive tone, lower resolution)",,,
1149,Emily Harris,emily.harris1149@example.com,55,Male,2,32.5,-0.800638169,0.0013282113473939584,1.0,2.0689655172413794,28.0,0.065,0.6079574050000001,0.0,4.0,0.0,50.0,2,0.52330444,"Balanced users (moderate complaints, mixed sentiment, low escalation risk)",,,
1150,Mia Martinez,mia.martinez1150@example.com,25,Female,5,186.4,-0.6329817298,0.060429061636925054,1.0,0.5514705882352942,67.75,0.18280000000000002,0.5946990621999999,0.0,4.0,1.0,40.0,2,0.3004216608,"Frequent dissatisfied users (higher complaint volume, mostly negative sentiment)",,,
1151,Emma Lewis,emma.lewis1151@example.com,41,Female,3,280.6666666666667,-0.35532562933333334,0.1085061730385054,0.6666666666666666,1.0588235294117647,42.0,0.26699999999999996,0.5339308296666666,0.3333333333333333,4.5,0.25,66.66666666666666,2,0.173973764,"High-risk escalators (high risk profile, aggressive tone, lower resolution)",,,
1152,Lucas Johnson,lucas.johnson1152@example.com,57,Male,4,122.0,-0.785913348,0.013377857263139937,1.0,0.5172413793103449,77.0,0.1355,0.62784683825,0.0,3.0,0.0,50.0,2,-0.019925989250000012,"Frequent dissatisfied users (higher complaint volume, mostly negative sentiment)",,,
1153,Charlotte Clark,charlotte.clark1153@example.com,33,Female,3,237.33333333333334,-0.6173900563333333,0.01211876849514157,1.0,1.1688311688311688,38.0,0.18233333333333332,0.589468435,0.0,3.0,2.0,100.0,2,-0.16103639233333333,"Frequent dissatisfied users (higher complaint volume, mostly negative sentiment)",,,
1154,John Johnson,john.johnson1154@example.com,53,Male,4,211.5,-0.57851721375,0.07341392527855523,0.75,1.153846153846154,34.333333333333336,0.24375,0.5983305945,0.25,4.0,0.6666666666666666,75.0,3,0.294121746,"Balanced users (moderate complaints, mixed sentiment, low escalation risk)",,,
1155,James Thomas,james.thomas1155@example.com,24,Male,7,256.57142857142856,-0.6721848887142857,0.029794765932831813,0.8571428571428571,0.8171206225680934,42.666666666666664,0.19042857142857142,0.6101100888571428,0.2857142857142857,3.5,1.25,71.42857142857143,3,0.1789319237142857,"Frequent dissatisfied users (higher complaint volume, mostly negative sentiment)",,,
1156,David Lewis,david.lewis1156@example.com,31,Male,3,201.0,-0.4681895870000001,0.05698223743723882,1.0,0.36734693877551017,122.0,0.22833333333333336,0.5570782823333333,0.0,4.0,0.0,33.33333333333333,2,0.3353375293333334,"High-risk escalators (high risk profile, aggressive tone, lower resolution)",,,
1157,Lucas Martinez,lucas.martinez1157@example.com,48,Male,2,859.0,-0.6034372,0.018035811791375624,1.0,2.7272727272727275,21.0,0.36050000000000004,0.6472920900000001,0.5,,,0.0,3,0.175723448,"Balanced users (moderate complaints, mixed sentiment, low escalation risk)",,,
1158,Amelia Robinson,amelia.robinson1158@example.com,47,Female,2,131.0,-0.322388038,0.013486469781450117,0.0,0.8108108108108109,73.0,0.10250000000000001,0.4656511125,0.0,4.5,0.25,100.0,1,0.767983496,"High-risk escalators (high risk profile, aggressive tone, lower resolution)",,,
1159,Evelyn Smith,evelyn.smith1159@example.com,48,Male,3,99.66666666666667,-0.523725281,0.06578372829024656,0.6666666666666666,0.39473684210526316,113.5,0.15133333333333335,0.548177383,0.0,3.5,2.25,66.66666666666666,1,0.054515510666666635,"High-risk escalators (high risk profile, aggressive tone, lower resolution)",,,
1160,John Garcia,john.garcia1160@example.com,26,Male,3,129.0,-0.6003543336666667,0.005439110926774964,1.0,0.6382978723404256,70.0,0.324,0.6335151586666666,0.3333333333333333,5.0,0.0,33.33333333333333,3,0.40744410933333336,"Balanced users (moderate complaints, mixed sentiment, low escalation risk)",,,
1161,David Taylor,david.taylor1161@example.com,34,Male,2,200.0,-0.38265673850000004,0.0017272938209649008,1.0,0.46153846153846156,129.0,0.26849999999999996,0.54333844,0.0,3.0,0.0,50.0,1,0.1346301135,"High-risk escalators (high risk profile, aggressive tone, lower resolution)",,,
1162,Amelia Jackson,amelia.jackson1162@example.com,32,Female,4,394.0,-0.207016824,0.007804118488529724,0.25,0.43010752688172044,92.66666666666667,0.27549999999999997,0.48870546775,0.0,3.6666666666666665,1.5555555555555554,75.0,1,0.061641871749999994,"High-risk escalators (high risk profile, aggressive tone, lower resolution)",,,
1163,Mia Robinson,mia.robinson1163@example.com,47,Female,5,284.2,-0.4399143262,0.12003497324452586,0.6,0.5154639175257733,72.5,0.302,0.573672156,0.2,2.6666666666666665,1.5555555555555554,60.0,3,0.041194230199999994,"Frequent dissatisfied users (higher complaint volume, mostly negative sentiment)",,,
1164,Emily Martinez,emily.martinez1164@example.com,45,Male,2,280.0,-0.394125417,0.001970816759029924,0.5,0.967741935483871,61.0,0.159,0.5087407604999999,0.0,1.0,0.0,50.0,1,-0.35895564449999995,"High-risk escalators (high risk profile, aggressive tone, lower resolution)",,,
1165,David White,david.white1165@example.com,59,Male,3,211.66666666666666,-0.363209465,0.07496250251058478,0.6666666666666666,0.41284403669724773,108.5,0.129,0.48819307599999995,0.0,3.3333333333333335,0.22222222222222224,100.0,1,-0.29879614233333335,"High-risk escalators (high risk profile, aggressive tone, lower resolution)",,,
1166,Robert Anderson,robert.anderson1166@example.com,47,Male,4,392.75,-0.27687509725000004,0.01821005980662974,0.5,1.8461538461538463,21.333333333333332,0.141,0.4643344065,0.0,2.6666666666666665,2.8888888888888893,75.0,1,-0.23924508349999996,"High-risk escalators (high risk profile, aggressive tone, lower resolution)",,,
1167,Evelyn White,evelyn.white1167@example.com,56,Male,8,233.375,-0.585708487375,0.07812023943141856,0.75,1.00418410041841,34.0,0.18,0.5783552585,0.125,4.5,0.25,75.0,2,0.310016970875,"Frequent dissatisfied users (higher complaint volume, mostly negative sentiment)",,,
1168,Charlotte White,charlotte.white1168@example.com,23,Female,1,256.0,-0.740177989,0.0,1.0,15.0,,0.151,0.618407846,0.0,,,0.0,2,0.175723448,"Balanced users (moderate complaints, mixed sentiment, low escalation risk)",,,
1169,Matthew Clark,matthew.clark1169@example.com,25,Male,3,378.3333333333333,-0.4890022056666667,0.10543464478287905,1.0,0.6818181818181819,65.5,0.44799999999999995,0.6407257166666667,0.0,4.5,0.25,66.66666666666666,3,0.6426700003333333,"Balanced users (moderate complaints, mixed sentiment, low escalation risk)",,,
1170,John Jackson,john.jackson1170@example.com,40,Male,4,110.75,-0.6136025265,0.076857394124481,0.75,0.5063291139240506,78.66666666666667,0.15375,0.57823332125,0.0,2.0,1.0,50.0,2,-0.26671886825,"Frequent dissatisfied users (higher complaint volume, mostly negative sentiment)",,,
1171,Ella Taylor,ella.taylor1171@example.com,35,Female,4,358.25,-0.4332439675,0.03698322033496442,0.75,0.3870967741935484,103.0,0.304,0.5722042895,0.0,5.0,0.0,25.0,2,0.29543399800000003,"Balanced users (moderate complaints, mixed sentiment, low escalation risk)",,,
1172,Ella Thompson,ella.thompson1172@example.com,27,Female,5,85.4,-0.6142707822,0.08821479266287988,0.8,0.4322766570605187,86.5,0.2212,0.6020580042,0.4,3.8,2.56,100.0,3,0.2105713724,"Frequent dissatisfied users (higher complaint volume, mostly negative sentiment)",,,
1173,David White,david.white1173@example.com,27,Male,5,173.6,-0.5362944481999999,0.14225207544614832,0.8,0.7894736842105263,47.25,0.1986,0.5688056956,0.0,3.75,0.6875,80.0,2,0.018154096599999982,"Frequent dissatisfied users (higher complaint volume, mostly negative sentiment)",,,
1174,Matthew Taylor,matthew.taylor1174@example.com,47,Male,1,34.0,-0.854536653,0.0,1.0,15.0,,0.023,0.610774412,0.0,,,0.0,2,0.175723448,"Balanced users (moderate complaints, mixed sentiment, low escalation risk)",,,
1175,Emily Thomas,emily.thomas1175@example.com,37,Male,2,398.0,-0.212017022,0.012364037585365636,0.5,0.39473684210526316,151.0,0.238,0.4772055325,0.0,3.5,2.25,100.0,1,-0.011374652499999971,"High-risk escalators (high risk profile, aggressive tone, lower resolution)",,,
1176,Ava Smith,ava.smith1176@example.com,37,Female,5,202.4,-0.7115679142,0.000507761739933997,1.0,0.5226480836236933,71.5,0.34740000000000004,0.6778495722,0.4,3.75,2.6875,80.0,3,0.08132594500000001,"Frequent dissatisfied users (higher complaint volume, mostly negative sentiment)",,,
1177,Charlotte Thompson,charlotte.thompson1177@example.com,55,Female,2,172.5,-0.7733259495,0.011254856082365747,1.0,10.0,5.0,0.096,0.6099309335,0.0,3.0,1.0,100.0,2,0.02078875899999999,"Frequent dissatisfied users (higher complaint volume, mostly negative sentiment)",,,
1178,Emma Thompson,emma.thompson1178@example.com,32,Female,3,131.0,-0.5376484793333333,0.03947123892510345,0.6666666666666666,0.8411214953271028,53.0,0.168,0.5585357556666667,0.0,4.5,0.25,66.66666666666666,1,0.5705634403333334,"High-risk escalators (high risk profile, aggressive tone, lower resolution)",,,
1179,Sophia Taylor,sophia.taylor1179@example.com,27,Female,4,103.0,-0.60041563575,0.09059100391939987,0.75,0.5504587155963303,72.33333333333333,0.17625,0.5818225815,0.25,4.333333333333333,0.22222222222222224,75.0,3,0.6482728755,"Balanced users (moderate complaints, mixed sentiment, low escalation risk)",,,
1180,John Harris,john.harris1180@example.com,40,Male,4,185.25,-0.21494922225000002,0.03378875539552352,0.5,0.5429864253393666,73.33333333333333,0.27974999999999994,0.49277099725,0.0,4.333333333333333,0.22222222222222224,75.0,1,0.50801564725,"High-risk escalators (high risk profile, aggressive tone, lower resolution)",,,
1181,Amelia Anderson,amelia.anderson1181@example.com,53,Female,6,256.1666666666667,-0.24756445533333335,0.13318500003732972,0.3333333333333333,0.7407407407407407,48.4,0.10466666666666667,0.4420917815,0.0,4.0,1.5,66.66666666666666,1,0.27297149583333336,"High-risk escalators (high risk profile, aggressive tone, lower resolution)",,,
1182,Robert Martin,robert.martin1182@example.com,41,Male,4,182.25,-0.4025663155,0.12505803787181152,0.5,0.5797101449275363,68.66666666666667,0.10725,0.49337155275,0.0,4.0,1.5,100.0,1,0.08350521324999999,"High-risk escalators (high risk profile, aggressive tone, lower resolution)",,,
1183,Mia Smith,mia.smith1183@example.com,51,Female,4,267.5,-0.26221013425,0.22933960018027244,0.5,0.4545454545454546,87.66666666666667,0.26875,0.5042807935,0.25,2.3333333333333335,3.555555555555556,75.0,2,-0.22579230024999997,"High-risk escalators (high risk profile, aggressive tone, lower resolution)",,,
1184,Matthew Harris,matthew.harris1184@example.com,42,Male,5,230.0,-0.702198422,0.0333869618572609,1.0,0.5617977528089888,66.5,0.36619999999999997,0.6813844872,0.2,3.5,0.25,60.0,3,0.019203907,One-time intense cases (few complaints but highly negative; often resolved),,,
1185,Ella White,ella.white1185@example.com,41,Female,1,220.0,-0.463405609,0.0,1.0,15.0,,0.231,0.556456823,0.0,,,0.0,2,0.175723448,"High-risk escalators (high risk profile, aggressive tone, lower resolution)",,,
1186,Matthew Garcia,matthew.garcia1186@example.com,48,Male,4,258.5,-0.69136314075,0.006156395851446728,1.0,0.8823529411764706,45.0,0.23575,0.63220552075,0.0,4.5,0.25,50.0,3,0.18927383399999997,"Balanced users (moderate complaints, mixed sentiment, low escalation risk)",,,
1187,Mia Robinson,mia.robinson1187@example.com,45,Female,6,198.33333333333334,-0.359777925,0.10127612669398818,0.5,0.7692307692307692,46.6,0.14933333333333335,0.4941944923333333,0.0,4.5,0.25,33.33333333333333,1,0.407444102,"High-risk escalators (high risk profile, aggressive tone, lower resolution)",,,
1188,Ella Anderson,ella.anderson1188@example.com,27,Female,4,276.0,-0.523945378,0.10513126797688335,0.75,0.7643312101910829,52.0,0.25475,0.584444748,0.25,3.25,1.6875,100.0,3,0.04165899000000001,"Frequent dissatisfied users (higher complaint volume, mostly negative sentiment)",,,
1189,Isabella Robinson,isabella.robinson1189@example.com,22,Female,3,329.3333333333333,-0.5505702920000001,0.09820009519959677,0.6666666666666666,1.7999999999999998,24.5,0.12333333333333334,0.5471020116666666,0.0,2.6666666666666665,2.8888888888888893,100.0,1,-0.359612028,"Frequent dissatisfied users (higher complaint volume, mostly negative sentiment)",,,
1190,John White,john.white1190@example.com,40,Male,5,249.2,-0.5037333846000001,0.028025951398108047,1.0,0.6072874493927125,61.5,0.24159999999999998,0.57327335,0.0,3.3333333333333335,1.5555555555555556,60.0,2,0.0952090918,"Frequent dissatisfied users (higher complaint volume, mostly negative sentiment)",,,
1191,Ethan Anderson,ethan.anderson1191@example.com,43,Male,4,161.5,-0.69540080425,0.04783419576232222,1.0,0.9836065573770493,40.333333333333336,0.24925000000000003,0.6382427612499999,0.0,3.0,0.6666666666666666,75.0,3,0.06425666775,"Frequent dissatisfied users (higher complaint volume, mostly negative sentiment)",,,
1192,Ella Lewis,ella.lewis1192@example.com,55,Female,7,197.42857142857142,-0.4758822597142857,0.07747365055763511,0.7142857142857143,0.6818181818181819,51.166666666666664,0.2842857142857143,0.5791617342857143,0.2857142857142857,4.0,0.5,57.14285714285714,3,0.36920061685714284,"Frequent dissatisfied users (higher complaint volume, mostly negative sentiment)",,,
1193,Ethan White,ethan.white1193@example.com,23,Male,4,209.75,-0.60604273525,0.08631814241625795,0.75,0.39603960396039606,100.66666666666667,0.3085,0.629938889,0.25,3.6666666666666665,0.22222222222222224,75.0,3,0.014171075000000005,"Balanced users (moderate complaints, mixed sentiment, low escalation risk)",,,
1194,Isabella Garcia,isabella.garcia1194@example.com,60,Female,4,201.5,-0.402420964,0.06860225118190022,0.75,0.39473684210526316,101.0,0.26475,0.5484493135,0.0,3.0,0.6666666666666666,75.0,2,-0.13214561749999998,"High-risk escalators (high risk profile, aggressive tone, lower resolution)",,,
1195,Harper Anderson,harper.anderson1195@example.com,54,Male,5,293.8,-0.4061389984,0.04779793308697268,0.4,2.34375,15.75,0.1336,0.5037551746,0.0,2.25,1.6875,80.0,1,-0.29632227139999995,"High-risk escalators (high risk profile, aggressive tone, lower resolution)",,,
1196,Ava Smith,ava.smith1196@example.com,24,Female,4,354.5,-0.45825785399999996,0.0728839684290559,1.0,0.7547169811320755,52.666666666666664,0.38325,0.6080713025,0.25,3.75,0.1875,100.0,3,0.133881636,"Balanced users (moderate complaints, mixed sentiment, low escalation risk)",,,
1197,Noah Martinez,noah.martinez1197@example.com,39,Male,3,103.33333333333333,-0.7539904316666667,0.009098286383919478,1.0,0.5960264900662252,75.0,0.11399999999999999,0.6099468903333333,0.0,3.0,4.0,66.66666666666666,2,0.05451548566666666,"Frequent dissatisfied users (higher complaint volume, mostly negative sentiment)",,,
1198,Sophia Thompson,sophia.thompson1198@example.com,43,Female,3,196.66666666666666,-0.5327197313333333,0.03869357122947877,0.6666666666666666,0.26785714285714285,167.5,0.21,0.5716339126666666,0.0,3.3333333333333335,0.22222222222222224,100.0,2,-0.03967971600000001,"High-risk escalators (high risk profile, aggressive tone, lower resolution)",,,
1199,Amelia Martin,amelia.martin1199@example.com,46,Female,4,203.5,-0.63961769625,0.0035495702119920473,1.0,1.0434782608695652,38.0,0.2615,0.6244007515000001,0.25,3.0,0.5,100.0,3,-0.15325609999999998,"Frequent dissatisfied users (higher complaint volume, mostly negative sentiment)",,,
1200,Isabella Brown,isabella.brown1200@example.com,24,Female,2,170.5,-0.598310232,0.03855930630206616,1.0,8.571428571428571,6.0,0.3035,0.625675825,0.5,5.0,0.0,50.0,3,0.5285623145,"Balanced users (moderate complaints, mixed sentiment, low escalation risk)",,,
1201,Sophia White,sophia.white1201@example.com,33,Female,7,161.28571428571428,-0.6964582714285715,0.0020024628255710434,1.0,0.9502262443438914,36.666666666666664,0.15957142857142856,0.6071989384285714,0.0,4.333333333333333,0.22222222222222224,42.857142857142854,2,0.36410244857142854,"Balanced users (moderate complaints, mixed sentiment, low escalation risk)",,,
1202,Charlotte Lewis,charlotte.lewis1202@example.com,52,Female,5,212.6,-0.6517486692000001,0.014613636851816547,1.0,0.45731707317073167,81.75,0.324,0.6502183172,0.4,4.0,1.0,40.0,3,0.3004216608,"Balanced users (moderate complaints, mixed sentiment, low escalation risk)",,,
1203,David Harris,david.harris1203@example.com,47,Male,3,84.33333333333333,-0.5018735950000001,0.1603225089673815,0.6666666666666666,0.8653846153846154,51.5,0.12966666666666668,0.5334922516666666,0.0,4.0,0.0,66.66666666666666,1,0.6426700056666667,"High-risk escalators (high risk profile, aggressive tone, lower resolution)",,,
1204,Daniel Anderson,daniel.anderson1204@example.com,21,Male,5,227.8,-0.6182454704,0.01164484813501323,1.0,0.5928853754940712,63.0,0.2454,0.611819778,0.0,4.0,0.6666666666666666,60.0,2,0.1603394448,"Balanced users (moderate complaints, mixed sentiment, low escalation risk)",,,
1205,Charlotte Taylor,charlotte.taylor1205@example.com,30,Female,3,298.0,-0.6442914806666667,0.03249698922976527,0.6666666666666666,0.3103448275862069,144.5,0.09600000000000002,0.5679947313333333,0.0,1.5,0.25,66.66666666666666,1,-0.5192449643333333,"Frequent dissatisfied users (higher complaint volume, mostly negative sentiment)",,,
1206,James Harris,james.harris1206@example.com,47,Male,3,225.0,-0.5901249496666666,0.08438258800122518,1.0,2.3684210526315788,18.5,0.22799999999999998,0.596590609,0.0,4.333333333333333,0.22222222222222224,100.0,2,0.8022840816666666,"Balanced users (moderate complaints, mixed sentiment, low escalation risk)",,,
1207,Robert Anderson,robert.anderson1207@example.com,51,Male,1,108.0,-0.802023232,0.0,1.0,15.0,,0.014,0.59055755,0.0,4.0,0.0,100.0,1,0.881401181,"Balanced users (moderate complaints, mixed sentiment, low escalation risk)",,,
1208,Amelia Taylor,amelia.taylor1208@example.com,31,Female,3,166.0,-0.49753094733333336,0.04913443560063926,1.0,0.7627118644067797,58.5,0.15666666666666668,0.5415308913333333,0.0,4.0,0.0,66.66666666666666,1,0.173973764,"High-risk escalators (high risk profile, aggressive tone, lower resolution)",,,
1209,Robert Smith,robert.smith1209@example.com,28,Male,4,184.0,-0.2398615785,0.10124642618602932,0.25,0.5633802816901409,70.66666666666667,0.1835,0.467180013,0.0,2.3333333333333335,1.5555555555555556,75.0,1,-0.21233951699999998,"High-risk escalators (high risk profile, aggressive tone, lower resolution)",,,
1210,Amelia Robinson,amelia.robinson1210@example.com,59,Female,2,174.0,-0.8116037844999999,0.003959470739629949,1.0,0.25862068965517243,231.0,0.275,0.68502123,0.5,4.5,0.25,100.0,3,0.7679834365,"Balanced users (moderate complaints, mixed sentiment, low escalation risk)",,,
1211,Amelia Thompson,amelia.thompson1211@example.com,45,Female,1,200.0,-0.254951537,0.0,0.0,15.0,,0.045,0.42360925,0.0,4.0,0.0,100.0,1,-0.465236992,"High-risk escalators (high risk profile, aggressive tone, lower resolution)",,,
1212,Abigail Thomas,abigail.thomas1212@example.com,57,Male,7,148.28571428571428,-0.6941110237142858,0.012993783355667643,1.0,0.6268656716417911,55.666666666666664,0.16,0.6065860827142858,0.0,4.25,0.1875,57.14285714285714,2,0.34419071671428575,"Balanced users (moderate complaints, mixed sentiment, low escalation risk)",,,
1213,Emma White,emma.white1213@example.com,25,Female,4,123.0,-0.56226503075,0.0029406492737853126,1.0,0.7361963190184049,54.0,0.23475000000000001,0.589898635,0.0,3.0,0.0,25.0,2,0.15517678075,"Balanced users (moderate complaints, mixed sentiment, low escalation risk)",,,
1214,Ethan Taylor,ethan.taylor1214@example.com,54,Male,3,115.33333333333333,-0.7829168043333333,0.0001706409997383904,1.0,1.0227272727272727,43.5,0.3156666666666667,0.6899312943333333,0.3333333333333333,4.333333333333333,0.22222222222222224,100.0,3,0.8057893513333333,"Balanced users (moderate complaints, mixed sentiment, low escalation risk)",,,
1215,Ava Anderson,ava.anderson1215@example.com,35,Female,4,118.75,-0.646538153,0.03999612807658555,0.75,0.5,79.66666666666667,0.1835,0.5993499,0.0,3.3333333333333335,0.22222222222222224,75.0,2,0.15649345499999998,"Frequent dissatisfied users (higher complaint volume, mostly negative sentiment)",,,
1216,Robert Taylor,robert.taylor1216@example.com,32,Male,4,130.5,-0.78084701275,0.007941280750116575,1.0,2.0338983050847457,19.333333333333332,0.19225,0.64606277925,0.0,1.5,0.25,50.0,3,-0.35894150324999996,"Frequent dissatisfied users (higher complaint volume, mostly negative sentiment)",,,
1217,Michael Martin,michael.martin1217@example.com,55,Male,1,66.0,-0.671387017,0.0,1.0,15.0,,0.172,0.603400781,0.0,5.0,0.0,100.0,2,0.881401181,"Balanced users (moderate complaints, mixed sentiment, low escalation risk)",,,
1218,Isabella Harris,isabella.harris1218@example.com,35,Female,4,249.25,-0.41375474225,0.032192154380264605,1.0,0.5454545454545454,73.0,0.30425,0.5659577915,0.0,5.0,0.0,50.0,2,0.523304429,"High-risk escalators (high risk profile, aggressive tone, lower resolution)",,,
1219,Lucas Thompson,lucas.thompson1219@example.com,60,Male,4,238.0,-0.424206544,0.05315139107068684,0.75,0.5607476635514018,71.0,0.16,0.518867127,0.0,5.0,0.0,50.0,1,0.52593337725,"High-risk escalators (high risk profile, aggressive tone, lower resolution)",,,
1220,James Thompson,james.thompson1220@example.com,47,Male,4,135.5,-0.52998662375,0.11439986689412539,0.5,0.45112781954887216,88.33333333333333,0.16625,0.5554331527499999,0.0,4.5,0.25,50.0,1,0.12033125,"High-risk escalators (high risk profile, aggressive tone, lower resolution)",,,
1221,Abigail Thompson,abigail.thompson1221@example.com,57,Male,4,185.75,-0.62965185925,0.02754174499837859,1.0,0.45112781954887216,88.33333333333333,0.26925,0.62387435425,0.0,4.333333333333333,0.22222222222222224,75.0,3,0.50538671,"Balanced users (moderate complaints, mixed sentiment, low escalation risk)",,,
1222,Olivia Taylor,olivia.taylor1222@example.com,39,Female,3,217.33333333333334,-0.646414022,0.011473573475317736,1.0,0.34090909090909094,131.5,0.16066666666666665,0.5913178903333334,0.0,1.5,0.25,66.66666666666666,2,-0.5371631536666667,"Frequent dissatisfied users (higher complaint volume, mostly negative sentiment)",,,
1223,James Jackson,james.jackson1223@example.com,33,Male,3,105.33333333333333,-0.4153515546666666,0.09404356132341858,0.6666666666666666,0.5921052631578947,75.5,0.152,0.5131892553333334,0.0,3.5,0.25,66.66666666666666,1,0.197295879,"High-risk escalators (high risk profile, aggressive tone, lower resolution)",,,
1224,Harper Jackson,harper.jackson1224@example.com,34,Male,5,175.6,-0.5805832474,0.14350544883586125,0.8,0.5576208178438662,67.0,0.1534,0.5673795556,0.0,3.3333333333333335,0.8888888888888888,60.0,1,0.04118292600000002,"Frequent dissatisfied users (higher complaint volume, mostly negative sentiment)",,,
1225,Harper Thompson,harper.thompson1225@example.com,26,Male,3,263.0,-0.11636708166666669,0.10573508336537413,0.3333333333333333,0.72,62.0,0.11733333333333333,0.40388596833333335,0.0,3.0,2.6666666666666665,100.0,1,-0.141219805,"High-risk escalators (high risk profile, aggressive tone, lower resolution)",,,
1226,Daniel Jackson,daniel.jackson1226@example.com,43,Male,3,310.3333333333333,-0.5488781646666666,0.16887243658499296,0.6666666666666666,0.661764705882353,67.5,0.3893333333333333,0.63965207,0.3333333333333333,4.0,0.0,33.33333333333333,3,-0.057746897333333345,One-time intense cases (few complaints but highly negative; often resolved),,,
1227,Ava Smith,ava.smith1227@example.com,37,Female,2,218.0,-0.48793754,0.01448377180222285,1.0,0.18518518518518517,323.0,0.34800000000000003,0.6053797005,0.0,5.0,0.0,50.0,3,0.523304418,"Balanced users (moderate complaints, mixed sentiment, low escalation risk)",,,
1228,David Harris,david.harris1228@example.com,51,Male,3,186.66666666666666,-0.5647187929999999,0.009346824492718432,1.0,0.5555555555555556,80.5,0.263,0.6005836076666666,0.0,3.0,1.0,100.0,2,0.17702058966666667,"Frequent dissatisfied users (higher complaint volume, mostly negative sentiment)",5.0,0.177,0.8099
1229,Michael Robinson,michael.robinson1229@example.com,59,Male,4,94.25,-0.75173546375,0.010022599042768381,1.0,0.5042016806722689,79.0,0.08800000000000001,0.6001140257500001,0.0,4.0,2.0,75.0,2,0.258593831,"Frequent dissatisfied users (higher complaint volume, mostly negative sentiment)",,,
1231,Ethan Garcia,ethan.garcia1231@example.com,30,Male,3,465.6666666666667,-0.67394042,0.01246955683840474,1.0,0.30508474576271183,147.0,0.3076666666666667,0.65171397,0.3333333333333333,2.5,2.25,66.66666666666666,3,-0.2081059816666667,"Frequent dissatisfied users (higher complaint volume, mostly negative sentiment)",,,
1232,Isabella Clark,isabella.clark1232@example.com,32,Female,10,238.6,-0.5631587103,0.08133860963608341,0.8,1.0676156583629894,31.11111111111111,0.2177,0.584221581,0.1,3.4,2.64,50.0,2,0.015156185400000011,"Frequent dissatisfied users (higher complaint volume, mostly negative sentiment)",,,
1233,Isabella Anderson,isabella.anderson1233@example.com,54,Female,3,148.33333333333334,-0.288751915,0.1340168943998981,0.3333333333333333,0.2884615384615385,155.5,0.06866666666666667,0.4428777056666666,0.0,3.0,1.0,66.66666666666666,1,0.07243367499999999,"High-risk escalators (high risk profile, aggressive tone, lower resolution)",,,
1234,James Jackson,james.jackson1234@example.com,42,Male,2,59.5,-0.8483816385,0.0014407438317082936,1.0,0.32085561497326204,186.0,0.247,0.6871740325,0.5,4.0,0.0,50.0,3,0.52330444,"Balanced users (moderate complaints, mixed sentiment, low escalation risk)",,,
1235,Robert Clark,robert.clark1235@example.com,38,Male,7,363.0,-0.5503745865714286,0.10316195619972283,1.0,0.9859154929577465,35.333333333333336,0.23242857142857143,0.5852217405714286,0.0,3.0,2.8,71.42857142857143,2,-0.0845530887142857,"Frequent dissatisfied users (higher complaint volume, mostly negative sentiment)",,,
1236,Ethan Smith,ethan.smith1236@example.com,36,Male,3,195.33333333333334,-0.517149498,0.02595438011606752,0.6666666666666666,1.7307692307692308,25.5,0.22433333333333336,0.5715902533333334,0.0,5.0,0.0,66.66666666666666,2,0.5705634403333334,"Balanced users (moderate complaints, mixed sentiment, low escalation risk)",,,
1237,Harper Brown,harper.brown1237@example.com,50,Male,3,110.66666666666667,-0.48548056666666667,0.017248761741176042,0.6666666666666666,0.35856573705179284,125.0,0.11266666666666665,0.5222145176666667,0.0,4.0,0.0,66.66666666666666,1,0.5670581706666667,"High-risk escalators (high risk profile, aggressive tone, lower resolution)",,,
1238,James Taylor,james.taylor1238@example.com,43,Male,3,300.0,-0.3856692116666667,0.010504226621938749,0.6666666666666666,1.0843373493975903,41.0,0.29,0.5518424936666667,0.0,4.0,1.0,66.66666666666666,2,0.380048553,"High-risk escalators (high risk profile, aggressive tone, lower resolution)",,,
1239,Daniel Jackson,daniel.jackson1239@example.com,22,Male,6,190.66666666666666,-0.6723748146666667,0.02720151524003982,1.0,0.9574468085106382,37.4,0.25583333333333336,0.6330634816666666,0.16666666666666666,3.75,0.1875,66.66666666666666,3,0.157361465,"Frequent dissatisfied users (higher complaint volume, mostly negative sentiment)",,,
1240,Sophia Smith,sophia.smith1240@example.com,23,Female,6,309.5,-0.5230605323333334,0.06049723730831442,0.8333333333333334,0.6143344709897611,58.4,0.2675,0.5886196731666667,0.0,3.5,1.25,66.66666666666666,2,-0.005414478833333329,"Frequent dissatisfied users (higher complaint volume, mostly negative sentiment)",,,
1241,Robert Martinez,robert.martinez1241@example.com,35,Male,1,29.0,-0.863002658,0.0,1.0,15.0,,0.111,0.644325864,0.0,4.0,0.0,100.0,2,0.881401181,"Balanced users (moderate complaints, mixed sentiment, low escalation risk)",,,
1242,Noah Anderson,noah.anderson1242@example.com,36,Male,1,153.0,-0.830531597,0.0,1.0,15.0,,0.242,0.679622769,0.0,1.0,0.0,100.0,3,-0.839823604,"Frequent dissatisfied users (higher complaint volume, mostly negative sentiment)",,,
1243,Ethan Johnson,ethan.johnson1243@example.com,47,Male,2,160.5,-0.5849228504999999,0.002881773067576055,1.0,0.2926829268292683,204.0,0.2665,0.6083749265,0.0,3.0,0.0,50.0,2,-0.144756772,"Balanced users (moderate complaints, mixed sentiment, low escalation risk)",,,
1244,Sophia Anderson,sophia.anderson1244@example.com,31,Female,3,174.33333333333334,-0.49391154966666667,0.15471206416320432,0.6666666666666666,0.661764705882353,67.5,0.15433333333333335,0.5395379203333334,0.0,4.333333333333333,0.22222222222222224,100.0,1,0.8743906816666667,"High-risk escalators (high risk profile, aggressive tone, lower resolution)",,,
1245,John Martinez,john.martinez1245@example.com,22,Male,2,72.5,-0.70084551,0.010899672993447003,1.0,0.2247191011235955,266.0,0.2075,0.625399791,0.0,2.5,2.25,100.0,2,-0.011374652499999971,"Frequent dissatisfied users (higher complaint volume, mostly negative sentiment)",,,
1246,James Anderson,james.anderson1246@example.com,45,Male,3,250.66666666666666,-0.5219174923333333,0.03588018437843283,0.6666666666666666,0.34090909090909094,131.5,0.13566666666666669,0.5421065186666666,0.0,1.0,0.0,33.33333333333333,1,-0.18072929499999998,"High-risk escalators (high risk profile, aggressive tone, lower resolution)",,,
1247,Evelyn Clark,evelyn.clark1247@example.com,42,Male,5,147.2,-0.6555813074000001,0.040107588890235815,1.0,0.5725190839694657,65.25,0.231,0.6189139248,0.0,5.0,0.0,40.0,2,0.4126274434,"Balanced users (moderate complaints, mixed sentiment, low escalation risk)",,,
1248,Abigail Anderson,abigail.anderson1248@example.com,21,Male,8,157.125,-0.546407705125,0.04360434082368731,1.0,0.7339449541284404,46.57142857142857,0.24425,0.588070004,0.125,2.857142857142857,1.5510204081632655,87.5,2,-0.35079254225,"Frequent dissatisfied users (higher complaint volume, mostly negative sentiment)",,,
1249,William Clark,william.clark1249@example.com,49,Male,4,160.75,-0.70497112,0.013126686099815522,1.0,0.6779661016949152,58.666666666666664,0.16125,0.610553114,0.0,3.5,0.25,50.0,2,0.32896727675000004,"Balanced users (moderate complaints, mixed sentiment, low escalation risk)",,,
1250,Abigail White,abigail.white1250@example.com,52,Male,1,265.0,-0.510555387,0.0,1.0,15.0,,0.185,0.555680501,0.0,1.0,0.0,100.0,1,-0.893578172,"Frequent dissatisfied users (higher complaint volume, mostly negative sentiment)",,,
1251,Evelyn Martinez,evelyn.martinez1251@example.com,22,Male,4,208.5,-0.5256466344999999,0.060911447927020135,0.5,0.36253776435045315,110.0,0.14500000000000002,0.5465851562499999,0.0,3.0,0.0,25.0,1,0.0006208755000000066,"High-risk escalators (high risk profile, aggressive tone, lower resolution)",,,
1252,Amelia Thomas,amelia.thomas1252@example.com,39,Female,2,113.5,-0.47584299750000003,0.014971752167069434,0.5,1.935483870967742,30.0,0.11499999999999999,0.519898974,0.0,1.0,0.0,50.0,1,-0.33205007799999997,"High-risk escalators (high risk profile, aggressive tone, lower resolution)",,,
1253,Lucas Jackson,lucas.jackson1253@example.com,49,Male,6,171.5,-0.6197760998333334,0.0654283806781819,1.0,0.5142857142857143,69.8,0.252,0.6146272325,0.16666666666666666,4.25,0.6875,66.66666666666666,3,0.37051596733333336,"Balanced users (moderate complaints, mixed sentiment, low escalation risk)",,,
1254,Ethan Brown,ethan.brown1254@example.com,38,Male,4,180.5,-0.6664377672499999,0.07238530659484681,0.75,0.33613445378151263,118.66666666666667,0.35175,0.66470477425,0.25,2.3333333333333335,3.555555555555556,75.0,3,-0.18515102224999996,One-time intense cases (few complaints but highly negative; often resolved),,,
1256,James Martinez,james.martinez1256@example.com,24,Male,7,82.0,-0.6694918061428572,0.018488136987216526,0.8571428571428571,0.7191780821917808,48.5,0.16885714285714284,0.601684837,0.14285714285714285,3.6666666666666665,1.5555555555555554,85.71428571428571,2,0.10835243314285715,"Frequent dissatisfied users (higher complaint volume, mostly negative sentiment)",,,
1257,Ava Taylor,ava.taylor1257@example.com,46,Female,1,69.0,-0.855716884,0.0,1.0,15.0,,0.22,0.680107987,0.0,,,0.0,3,0.175723448,"Balanced users (moderate complaints, mixed sentiment, low escalation risk)",,,
1258,James Johnson,james.johnson1258@example.com,26,Male,5,29.0,-0.7012302636000001,0.011218931514739582,1.0,0.8823529411764706,42.25,0.1386,0.6014098358,0.0,3.6666666666666665,0.22222222222222224,60.0,2,0.4394540576,"Balanced users (moderate complaints, mixed sentiment, low escalation risk)",,,
1259,Lucas Lewis,lucas.lewis1259@example.com,38,Male,5,218.4,-0.42196611019999997,0.15887048390765426,0.6,0.43478260869565216,86.0,0.0646,0.48474898599999994,0.0,2.6666666666666665,2.8888888888888893,60.0,1,-0.10222520259999998,"High-risk escalators (high risk profile, aggressive tone, lower resolution)",,,
1260,Robert Clark,robert.clark1260@example.com,36,Male,2,213.0,-0.45106627050000003,0.01825872441189826,0.5,0.31413612565445026,190.0,0.1005,0.5067715375,0.0,5.0,0.0,50.0,1,0.5285623145,"High-risk escalators (high risk profile, aggressive tone, lower resolution)",,,
1261,John Garcia,john.garcia1261@example.com,55,Male,6,241.5,-0.7045722653333333,0.016531026071185943,1.0,0.6040268456375839,59.4,0.253,0.6425359861666667,0.3333333333333333,3.0,1.5,66.66666666666666,3,0.12415305750000001,"Frequent dissatisfied users (higher complaint volume, mostly negative sentiment)",,,
1262,David Smith,david.smith1262@example.com,50,Male,4,147.5,-0.45422636725000004,0.04265233216902727,0.5,0.5555555555555556,71.66666666666667,0.17325000000000002,0.5332610692499999,0.0,5.0,0.0,50.0,1,0.469224505,"High-risk escalators (high risk profile, aggressive tone, lower resolution)",,,
1263,John Martinez,john.martinez1263@example.com,30,Male,3,690.6666666666666,-0.5389064846666667,0.05647482497140124,1.0,0.3125,143.5,0.2773333333333333,0.5972112740000001,0.0,2.0,0.0,33.33333333333333,2,-0.18071042533333329,"Frequent dissatisfied users (higher complaint volume, mostly negative sentiment)",,,
1264,Michael Clark,michael.clark1264@example.com,23,Male,3,109.33333333333333,-0.5747283003333333,0.03316738220337904,1.0,0.7894736842105263,56.5,0.15,0.564286698,0.0,2.3333333333333335,1.5555555555555554,100.0,1,-0.7347779873333332,"Frequent dissatisfied users (higher complaint volume, mostly negative sentiment)",,,
1266,Amelia Thompson,amelia.thompson1266@example.com,40,Female,3,180.66666666666666,-0.49740998433333333,0.06229970817864233,1.0,0.7692307692307692,58.0,0.25733333333333336,0.5767249116666666,0.3333333333333333,3.0,2.0,100.0,3,0.307659586,"Frequent dissatisfied users (higher complaint volume, mostly negative sentiment)",,,
1267,Sophia Taylor,sophia.taylor1267@example.com,60,Female,3,102.66666666666667,-0.645246466,0.015515463692777738,1.0,1.4754098360655736,30.0,0.2853333333333333,0.6345717683333333,0.0,3.5,0.25,66.66666666666666,3,0.38355380266666667,"Balanced users (moderate complaints, mixed sentiment, low escalation risk)",,,
1268,Daniel Brown,daniel.brown1268@example.com,21,Male,6,349.1666666666667,-0.47944977266666666,0.08444144589224105,0.8333333333333334,0.8071748878923767,44.4,0.21916666666666665,0.5575295096666667,0.0,3.6666666666666665,3.555555555555556,50.0,2,0.15711118500000001,"Frequent dissatisfied users (higher complaint volume, mostly negative sentiment)",,,
1269,Emily White,emily.white1269@example.com,23,Male,1,327.0,-0.776634097,0.0,1.0,15.0,,0.419,0.724056082,1.0,,,0.0,3,0.175723448,"Balanced users (moderate complaints, mixed sentiment, low escalation risk)",,,
1270,William Thomas,william.thomas1270@example.com,48,Male,4,213.5,-0.35635459975,0.06879510368724902,0.5,0.8108108108108109,49.0,0.19025,0.507402745,0.0,3.3333333333333335,0.8888888888888888,75.0,1,0.21533774200000003,"High-risk escalators (high risk profile, aggressive tone, lower resolution)",,,
1271,Evelyn Martinez,evelyn.martinez1271@example.com,36,Male,2,264.5,-0.4284380525,0.0001759040522088067,0.5,0.410958904109589,145.0,0.0925,0.49661736700000003,0.0,,,0.0,1,0.175723448,"High-risk escalators (high risk profile, aggressive tone, lower resolution)",,,
1272,Emily Clark,emily.clark1272@example.com,60,Male,2,406.5,-0.551045999,0.03931122051428948,1.0,0.2575107296137339,232.0,0.397,0.6430399495000001,0.5,2.5,0.25,100.0,3,-0.4000206965,"Frequent dissatisfied users (higher complaint volume, mostly negative sentiment)",,,
1273,Ella Thomas,ella.thomas1273@example.com,43,Female,3,204.33333333333334,-0.4703318166666666,0.13722510842809926,0.6666666666666666,0.2912621359223301,154.0,0.20166666666666666,0.548441174,0.0,4.333333333333333,0.22222222222222224,100.0,1,-0.11178629600000001,"High-risk escalators (high risk profile, aggressive tone, lower resolution)",,,
1274,Charlotte Robinson,charlotte.robinson1274@example.com,39,Female,8,132.0,-0.593740510375,0.09364417293457315,0.75,0.7361963190184049,46.42857142857143,0.210125,0.5915094160000001,0.25,4.0,0.4,62.5,3,0.43838199224999996,"Frequent dissatisfied users (higher complaint volume, mostly negative sentiment)",,,
1275,Olivia Harris,olivia.harris1275@example.com,38,Female,3,306.6666666666667,-0.641060114,0.028895675585987195,0.6666666666666666,0.6818181818181819,65.5,0.16133333333333333,0.5898112036666667,0.0,4.0,0.0,100.0,2,0.4290165203333333,"Balanced users (moderate complaints, mixed sentiment, low escalation risk)",,,
1276,Daniel White,daniel.white1276@example.com,53,Male,5,133.8,-0.6911718844,0.011958612713403649,1.0,0.4792332268370607,78.0,0.2192,0.6263508624,0.2,4.0,1.5,80.0,3,0.1117245166,"Frequent dissatisfied users (higher complaint volume, mostly negative sentiment)",,,
1277,Emily Robinson,emily.robinson1277@example.com,39,Male,3,170.0,-0.4935245813333333,0.04496623704354304,0.6666666666666666,1.0714285714285714,41.5,0.16966666666666666,0.5447788226666667,0.0,1.0,0.0,33.33333333333333,1,-0.16279225566666666,"High-risk escalators (high risk profile, aggressive tone, lower resolution)",,,
1278,John White,john.white1278@example.com,22,Male,3,238.66666666666666,-0.5077318126666667,0.11927785873373188,0.6666666666666666,0.49180327868852464,91.0,0.19333333333333333,0.557679506,0.3333333333333333,4.0,0.0,33.33333333333333,3,0.3353375293333334,"High-risk escalators (high risk profile, aggressive tone, lower resolution)",,,
1279,Abigail Harris,abigail.harris1279@example.com,41,Male,5,225.8,-0.7331344246,0.0005646920267461306,1.0,0.42613636363636365,87.75,0.30300000000000005,0.6693186879999999,0.2,3.0,1.0,40.0,3,0.10088420780000003,"Frequent dissatisfied users (higher complaint volume, mostly negative sentiment)",,,
1280,Emma Jackson,emma.jackson1280@example.com,39,Female,5,144.0,-0.6108389378,0.015555650626107762,1.0,0.5154639175257733,72.5,0.2964,0.6272626548,0.2,3.6666666666666665,1.5555555555555554,60.0,3,0.2441229042,"Frequent dissatisfied users (higher complaint volume, mostly negative sentiment)",,,
1281,Amelia Martinez,amelia.martinez1281@example.com,53,Female,4,208.5,-0.54476508475,0.04145238890979428,1.0,0.410958904109589,97.0,0.29000000000000004,0.6035486525,0.25,3.5,2.25,100.0,3,-0.25052539275,"Frequent dissatisfied users (higher complaint volume, mostly negative sentiment)",,,
1282,Amelia Smith,amelia.smith1282@example.com,52,Female,2,160.0,-0.39688758550000003,0.033629522559548056,0.5,0.6593406593406594,90.0,0.197,0.5229384655,0.0,3.0,0.0,50.0,1,-0.17448207000000002,"High-risk escalators (high risk profile, aggressive tone, lower resolution)",,,
1283,David Johnson,david.johnson1283@example.com,31,Male,1,71.0,-0.640262067,0.0,1.0,15.0,,0.2,0.603085172,0.0,2.0,0.0,100.0,2,-0.893634737,"Frequent dissatisfied users (higher complaint volume, mostly negative sentiment)",,,
1284,Robert Robinson,robert.robinson1284@example.com,54,Male,5,170.2,-0.6858384014000001,0.016483001158425086,0.8,0.5859375,63.75,0.24380000000000002,0.6332274804,0.2,2.5,2.25,40.0,3,0.05762025980000002,"Frequent dissatisfied users (higher complaint volume, mostly negative sentiment)",,,
1285,Lucas White,lucas.white1285@example.com,37,Male,2,281.0,-0.3117421565,0.002791633544035832,1.0,1.6666666666666665,35.0,0.3185,0.537791201,0.0,2.0,0.0,50.0,2,-0.33205007799999997,"High-risk escalators (high risk profile, aggressive tone, lower resolution)",,,
1286,Ella Anderson,ella.anderson1286@example.com,54,Female,1,162.0,-0.618098557,0.0,1.0,15.0,,0.064,0.548282031,0.0,1.0,0.0,100.0,1,-0.893634737,"Frequent dissatisfied users (higher complaint volume, mostly negative sentiment)",,,
1287,Noah Lewis,noah.lewis1287@example.com,54,Male,4,137.5,-0.5971340685000001,0.05230004431060861,0.75,0.47058823529411764,84.66666666666667,0.2485,0.6060435725,0.0,5.0,0.0,25.0,2,0.295434009,"Balanced users (moderate complaints, mixed sentiment, low escalation risk)",,,
1288,David Lewis,david.lewis1288@example.com,29,Male,5,228.0,-0.5307792634,0.06698140962292834,1.0,0.5357142857142857,69.75,0.2546,0.5866132606,0.0,3.8,0.96,100.0,2,-0.02624322780000001,"Frequent dissatisfied users (higher complaint volume, mostly negative sentiment)",,,
1289,Ella Garcia,ella.garcia1289@example.com,38,Female,4,265.0,-0.59432100525,0.03271223271905133,0.75,0.375,106.33333333333333,0.13124999999999998,0.5640918267499999,0.0,3.75,2.6875,100.0,1,0.37831853325,"High-risk escalators (high risk profile, aggressive tone, lower resolution)",,,
1290,David Garcia,david.garcia1290@example.com,47,Male,1,420.0,-0.61036396,0.0,1.0,15.0,,0.171,0.583218287,0.0,5.0,0.0,100.0,2,0.870885432,"Balanced users (moderate complaints, mixed sentiment, low escalation risk)",,,
1291,Abigail Anderson,abigail.anderson1291@example.com,26,Male,6,329.5,-0.6658698466666667,0.029713926267115384,0.8333333333333334,0.5806451612903226,61.8,0.2623333333333333,0.6332243666666667,0.3333333333333333,3.0,0.6666666666666666,50.0,3,0.09965962900000003,"Frequent dissatisfied users (higher complaint volume, mostly negative sentiment)",,,
1292,Harper Johnson,harper.johnson1292@example.com,60,Male,7,225.0,-0.4951199017142857,0.11823815544345403,0.7142857142857143,0.7865168539325843,44.333333333333336,0.18842857142857142,0.551863968,0.0,3.6,1.0400000000000003,71.42857142857143,1,0.3106458547142857,"High-risk escalators (high risk profile, aggressive tone, lower resolution)",,,
1293,Isabella Jackson,isabella.jackson1293@example.com,31,Female,4,184.75,-0.726698831,0.015745562795292555,1.0,0.6629834254143646,60.0,0.16025,0.6172646202500001,0.0,3.6666666666666665,0.8888888888888888,75.0,2,0.029033723999999997,"Frequent dissatisfied users (higher complaint volume, mostly negative sentiment)",,,
1294,Evelyn Clark,evelyn.clark1294@example.com,29,Male,4,101.0,-0.65883909175,0.016821283492175935,1.0,0.5454545454545454,73.0,0.092,0.57132270475,0.0,4.5,0.25,50.0,1,0.41514457000000005,"Balanced users (moderate complaints, mixed sentiment, low escalation risk)",,,
1295,Matthew Lewis,matthew.lewis1295@example.com,37,Male,3,185.33333333333334,-0.6449054876666667,0.01744866796614977,1.0,0.3614457831325301,124.0,0.11366666666666668,0.5743776166666666,0.0,3.3333333333333335,2.8888888888888893,100.0,1,-0.16103669,"Frequent dissatisfied users (higher complaint volume, mostly negative sentiment)",,,
1296,James Taylor,james.taylor1296@example.com,29,Male,2,277.5,-0.3725703805,0.0032068388275368056,0.0,1.3043478260869565,45.0,0.040999999999999995,0.4604353735,0.0,1.5,0.25,100.0,1,-0.893578172,"High-risk escalators (high risk profile, aggressive tone, lower resolution)",,,
1297,Ava Johnson,ava.johnson1297@example.com,21,Female,3,121.66666666666667,-0.6407034796666666,0.013704246465518448,0.6666666666666666,0.4205607476635514,106.5,0.09566666666666668,0.5667119643333333,0.0,4.0,0.0,100.0,1,0.2614812653333333,"Balanced users (moderate complaints, mixed sentiment, low escalation risk)",,,
1298,Noah Martinez,noah.martinez1298@example.com,36,Male,2,284.0,-0.381680947,0.12923434276350265,0.5,0.46875,127.0,0.354,0.572946308,0.0,4.0,0.0,50.0,2,0.5285622925,"High-risk escalators (high risk profile, aggressive tone, lower resolution)",,,
1299,Michael Anderson,michael.anderson1299@example.com,24,Male,4,301.75,-0.45625679575,0.05083827956638501,0.75,1.2244897959183672,32.333333333333336,0.34650000000000003,0.5945584585,0.0,4.0,0.0,50.0,2,0.23624591875,"Balanced users (moderate complaints, mixed sentiment, low escalation risk)",1.0,0.2968,0.0826
1300,Lucas Smith,lucas.smith1300@example.com,25,Male,3,114.33333333333333,-0.7547825773333333,0.0011528969876602126,1.0,0.576923076923077,77.5,0.23399999999999999,0.6522043373333334,0.0,,,0.0,3,0.17572344799999998,"Balanced users (moderate complaints, mixed sentiment, low escalation risk)",,,
1301,Lucas Anderson,lucas.anderson1301@example.com,22,Male,5,243.0,-0.68127346,0.03531459417902831,1.0,0.5102040816326531,73.25,0.21800000000000003,0.6227138742,0.2,3.25,1.6875,80.0,3,0.07922278340000001,"Frequent dissatisfied users (higher complaint volume, mostly negative sentiment)",,,
1302,Ella Thomas,ella.thomas1302@example.com,47,Female,2,226.5,-0.303612247,0.06896767660861851,0.5,0.5309734513274336,112.0,0.1785,0.4861489805,0.0,3.0,1.0,100.0,1,-0.011374652499999971,"High-risk escalators (high risk profile, aggressive tone, lower resolution)",,,
1303,David Smith,david.smith1303@example.com,47,Male,5,182.4,-0.541185034,0.07993476251542089,0.8,0.49833887043189373,75.0,0.3912,0.637805136,0.4,4.5,0.25,60.0,3,0.432115656,"Balanced users (moderate complaints, mixed sentiment, low escalation risk)",1.0,0.603,0.008
1304,Matthew Smith,matthew.smith1304@example.com,56,Male,2,171.0,-0.18043458450000002,0.3904995419500403,0.5,0.20408163265306123,293.0,0.16899999999999998,0.44279124000000003,0.0,,,0.0,1,0.175723448,"High-risk escalators (high risk profile, aggressive tone, lower resolution)",,,
1305,Olivia Garcia,olivia.garcia1305@example.com,27,Female,3,212.66666666666666,-0.555653721,0.02927604418572921,0.6666666666666666,0.34615384615384615,129.5,0.37400000000000005,0.6364874593333334,0.6666666666666666,2.5,2.25,66.66666666666666,3,-0.39626258133333336,"Frequent dissatisfied users (higher complaint volume, mostly negative sentiment)",,,
1306,David Thomas,david.thomas1306@example.com,30,Male,4,300.0,-0.391725287,0.1510157812925823,0.5,0.39603960396039606,100.66666666666667,0.15125,0.5052482185,0.0,4.0,0.0,50.0,1,-0.159619421,"High-risk escalators (high risk profile, aggressive tone, lower resolution)",,,
1307,Charlotte Jackson,charlotte.jackson1307@example.com,22,Female,3,88.0,-0.7954751053333333,0.004170591309964759,1.0,1.323529411764706,33.5,0.2816666666666667,0.6821127426666665,0.3333333333333333,4.0,0.0,100.0,3,0.3526529766666667,"Balanced users (moderate complaints, mixed sentiment, low escalation risk)",,,
1308,Ethan Thomas,ethan.thomas1308@example.com,30,Male,3,283.6666666666667,-0.6754592653333334,0.023995874858140056,1.0,0.2848101265822785,157.5,0.35799999999999993,0.669824261,0.3333333333333333,5.0,0.0,66.66666666666666,3,0.5670581760000001,"Balanced users (moderate complaints, mixed sentiment, low escalation risk)",,,
1309,Amelia Jackson,amelia.jackson1309@example.com,34,Female,3,418.6666666666667,-0.42316009233333335,0.10706278242687328,0.6666666666666666,0.548780487804878,81.5,0.29333333333333333,0.5651936966666667,0.0,4.0,0.0,33.33333333333333,2,0.41094935899999996,"High-risk escalators (high risk profile, aggressive tone, lower resolution)",,,
1310,Ava White,ava.white1310@example.com,51,Female,5,235.8,-0.7365873456,0.018854528922114967,1.0,0.6147540983606556,60.75,0.19,0.6308908872,0.0,4.0,0.0,60.0,2,0.0032176253999999906,"Balanced users (moderate complaints, mixed sentiment, low escalation risk)",,,
1311,Harper Thomas,harper.thomas1311@example.com,52,Male,4,128.0,-0.63353195775,0.016842465052561515,1.0,0.6153846153846154,64.66666666666667,0.27875,0.6284603865,0.0,3.3333333333333335,2.8888888888888893,75.0,3,0.204513885,"Frequent dissatisfied users (higher complaint volume, mostly negative sentiment)",,,
1312,Noah Brown,noah.brown1312@example.com,59,Male,2,107.0,-0.4515036195,0.06885040578165127,0.5,0.3045685279187817,196.0,0.0635,0.49396367650000006,0.0,4.0,0.0,50.0,1,0.5285623145,"High-risk escalators (high risk profile, aggressive tone, lower resolution)",,,
1313,Ella Robinson,ella.robinson1313@example.com,56,Female,2,385.0,-0.700927913,0.00036808049405977623,1.0,1.0909090909090908,54.0,0.29150000000000004,0.6548265719999999,0.5,5.0,0.0,100.0,3,0.762725562,"Balanced users (moderate complaints, mixed sentiment, low escalation risk)",,,
1314,Mia Martin,mia.martin1314@example.com,45,Female,5,142.8,-0.5361884118,0.07802817946487725,0.6,0.872093023255814,42.75,0.098,0.533561234,0.0,4.25,0.1875,80.0,1,0.733956185,"High-risk escalators (high risk profile, aggressive tone, lower resolution)",,,
1315,Amelia Harris,amelia.harris1315@example.com,30,Female,4,293.5,-0.510082856,0.020699535038499445,0.75,0.38338658146964855,104.0,0.27675,0.587639428,0.25,4.666666666666667,0.22222222222222224,75.0,3,0.70498174775,"Balanced users (moderate complaints, mixed sentiment, low escalation risk)",,,
1316,Matthew Brown,matthew.brown1316@example.com,28,Male,5,147.0,-0.6515213072,0.07630696241593049,0.8,0.42857142857142855,87.25,0.19519999999999998,0.6050644248,0.2,3.25,0.6875,80.0,3,-0.03298298740000001,"Frequent dissatisfied users (higher complaint volume, mostly negative sentiment)",,,
1317,Matthew Johnson,matthew.johnson1317@example.com,24,Male,7,280.57142857142856,-0.5198972542857143,0.07039877266392834,0.8571428571428571,0.7394366197183098,47.166666666666664,0.275,0.5902166077142857,0.0,4.0,0.6666666666666666,57.14285714285714,2,0.04401205471428571,"Frequent dissatisfied users (higher complaint volume, mostly negative sentiment)",,,
1318,Emma Harris,emma.harris1318@example.com,49,Female,2,53.0,-0.543233335,0.03188485103551021,0.5,0.7894736842105263,75.0,0.0655,0.5244758335,0.0,2.0,0.0,50.0,1,-0.358927384,"High-risk escalators (high risk profile, aggressive tone, lower resolution)",,,
1319,Ella Johnson,ella.johnson1319@example.com,26,Female,6,291.5,-0.5804679083333333,0.07160696719677676,0.8333333333333334,0.703125,51.0,0.2745,0.6097270701666667,0.0,2.8,2.5600000000000005,83.33333333333334,2,-0.2687412005,"Frequent dissatisfied users (higher complaint volume, mostly negative sentiment)",,,
1320,David White,david.white1320@example.com,39,Male,10,153.9,-0.4853437745,0.08128586577142911,0.5,1.0344827586206897,32.111111111111114,0.1535,0.5364617267,0.0,3.75,1.4375,80.0,1,0.4418864681,"High-risk escalators (high risk profile, aggressive tone, lower resolution)",,,
1321,Abigail White,abigail.white1321@example.com,39,Male,5,182.4,-0.5447099092000001,0.01810036877579445,1.0,0.7389162561576355,50.5,0.23359999999999997,0.5837907204,0.0,2.75,0.6875,80.0,2,-0.5321729274,"Frequent dissatisfied users (higher complaint volume, mostly negative sentiment)",,,
1322,Harper Martinez,harper.martinez1322@example.com,57,Male,3,169.33333333333334,-0.742530624,0.0036892805014475324,1.0,0.27692307692307694,162.0,0.21533333333333335,0.6416891193333334,0.0,4.0,0.0,66.66666666666666,3,-0.06532560300000001,"Balanced users (moderate complaints, mixed sentiment, low escalation risk)",,,
1323,Ethan Brown,ethan.brown1323@example.com,38,Male,4,186.75,-0.54070267075,0.04183203077209138,0.75,0.43165467625899284,92.33333333333333,0.21200000000000002,0.574928368,0.0,3.3333333333333335,0.8888888888888888,75.0,2,0.215337742,"Frequent dissatisfied users (higher complaint volume, mostly negative sentiment)",,,
1324,Amelia Martinez,amelia.martinez1324@example.com,34,Female,3,165.66666666666666,-0.8304181693333333,0.0007773063575514412,1.0,1.836734693877551,24.0,0.24866666666666667,0.6819192383333333,0.3333333333333333,3.0,0.0,66.66666666666666,3,-0.06532558833333334,"Balanced users (moderate complaints, mixed sentiment, low escalation risk)",,,
1325,Mia Thomas,mia.thomas1325@example.com,24,Female,4,121.25,-0.431476951,0.016712034337835448,0.5,0.43010752688172044,92.66666666666667,0.08975,0.496642509,0.0,2.3333333333333335,1.5555555555555556,75.0,1,-0.239216812,"High-risk escalators (high risk profile, aggressive tone, lower resolution)",,,
1326,Sophia White,sophia.white1326@example.com,56,Female,2,84.0,-0.5335441974999999,0.060866317767711,0.5,1.1111111111111112,53.0,0.060000000000000005,0.519401864,0.0,5.0,0.0,100.0,1,0.415144548,"High-risk escalators (high risk profile, aggressive tone, lower resolution)",,,
1327,Olivia Taylor,olivia.taylor1327@example.com,27,Female,3,355.6666666666667,-0.2640513963333333,0.036233752809589445,0.6666666666666666,0.7964601769911505,56.0,0.21966666666666668,0.48770003700000003,0.0,3.6666666666666665,0.22222222222222224,100.0,1,0.3534047106666667,"High-risk escalators (high risk profile, aggressive tone, lower resolution)",,,
1328,Amelia Thompson,amelia.thompson1328@example.com,26,Female,6,198.66666666666666,-0.5060395546666666,0.008688105848121798,1.0,0.821917808219178,43.6,0.15166666666666667,0.5425461886666666,0.0,3.5,0.75,66.66666666666666,1,0.179466677,"High-risk escalators (high risk profile, aggressive tone, lower resolution)",,,
1329,Ethan Taylor,ethan.taylor1329@example.com,47,Male,3,155.0,-0.589229159,0.1421002810211588,0.6666666666666666,0.5389221556886228,83.0,0.2363333333333333,0.5992161433333333,0.0,3.0,0.0,33.33333333333333,2,0.14832766833333333,"High-risk escalators (high risk profile, aggressive tone, lower resolution)",,,
1330,Isabella Anderson,isabella.anderson1330@example.com,42,Female,3,214.66666666666666,-0.5083921053333333,0.15311236495848923,0.6666666666666666,0.7758620689655172,57.5,0.251,0.5780774343333334,0.0,4.0,1.0,66.66666666666666,2,0.307941973,"High-risk escalators (high risk profile, aggressive tone, lower resolution)",,,
1331,Charlotte Harris,charlotte.harris1331@example.com,26,Female,4,427.0,-0.21782387025,0.03614823792438418,0.75,0.5042016806722689,79.0,0.292,0.49799275774999996,0.0,3.6666666666666665,1.5555555555555554,75.0,1,0.02100042225000001,"High-risk escalators (high risk profile, aggressive tone, lower resolution)",,,
1332,Ethan Harris,ethan.harris1332@example.com,41,Male,5,152.2,-0.5859128892000001,0.03826182197889212,0.8,0.8152173913043478,45.75,0.22999999999999998,0.5959216890000001,0.2,5.0,0.0,20.0,3,0.314755836,"Balanced users (moderate complaints, mixed sentiment, low escalation risk)",,,
1333,Amelia Taylor,amelia.taylor1333@example.com,60,Female,4,269.25,-0.47590726250000004,0.08819132807916588,0.5,2.307692307692308,17.0,0.11325,0.51930736025,0.0,5.0,0.0,25.0,1,0.35214287025,"High-risk escalators (high risk profile, aggressive tone, lower resolution)",,,
1334,Charlotte Brown,charlotte.brown1334@example.com,21,Female,2,156.5,-0.774166286,0.0004762324612080023,1.0,0.3468208092485549,172.0,0.43000000000000005,0.727104043,0.5,4.5,0.25,100.0,3,0.3740512355,"Balanced users (moderate complaints, mixed sentiment, low escalation risk)",,,
1335,Harper Brown,harper.brown1335@example.com,40,Male,2,364.0,-0.459215492,0.000396303977538225,1.0,0.9375,63.0,0.1325,0.520620035,0.0,4.0,1.0,100.0,1,0.20282422,"High-risk escalators (high risk profile, aggressive tone, lower resolution)",,,
1336,Mia Thomas,mia.thomas1336@example.com,54,Female,5,271.4,-0.41804563840000003,0.10774901407182887,0.6,0.6493506493506493,57.5,0.1426,0.5107748325999999,0.0,2.2,1.3599999999999999,100.0,1,-0.7233922186,"High-risk escalators (high risk profile, aggressive tone, lower resolution)",,,
1337,Matthew Thompson,matthew.thompson1337@example.com,21,Male,2,87.5,-0.7616509794999999,0.00545734977688501,1.0,10.0,5.0,0.10099999999999999,0.6078865685,0.0,2.5,2.25,100.0,2,-0.373143755,"Frequent dissatisfied users (higher complaint volume, mostly negative sentiment)",,,
1338,Harper Harris,harper.harris1338@example.com,32,Male,3,93.0,-0.7060260176666667,0.0006536080506982988,1.0,2.7272727272727275,16.0,0.243,0.6395084560000001,0.0,4.0,0.0,33.33333333333333,3,0.41094935899999996,"Balanced users (moderate complaints, mixed sentiment, low escalation risk)",,,
1339,Sophia Robinson,sophia.robinson1339@example.com,38,Female,4,108.0,-0.6445994079999999,0.016482401798452187,1.0,0.40816326530612246,97.66666666666667,0.20375,0.6058073075,0.0,4.0,0.0,100.0,2,-0.07531817625000001,"Balanced users (moderate complaints, mixed sentiment, low escalation risk)",,,
1340,Mia Clark,mia.clark1340@example.com,24,Female,4,197.25,-0.64224538225,0.005805220908419241,1.0,0.4181184668989547,95.33333333333333,0.11825000000000001,0.57511724925,0.0,4.5,0.25,100.0,1,0.76535449925,"Balanced users (moderate complaints, mixed sentiment, low escalation risk)",,,
1341,Isabella Smith,isabella.smith1341@example.com,49,Female,6,165.0,-0.63984707,0.013930549531988355,0.8333333333333334,0.7725321888412017,46.4,0.21833333333333335,0.6093669645,0.16666666666666666,3.5,2.25,66.66666666666666,3,0.2747241206666667,"Frequent dissatisfied users (higher complaint volume, mostly negative sentiment)",,,
1342,Sophia White,sophia.white1342@example.com,38,Female,6,286.5,-0.6306738205,0.03006549372969265,1.0,0.6498194945848376,55.2,0.18416666666666667,0.594427325,0.0,4.0,0.5,66.66666666666666,2,0.38392965966666665,"Balanced users (moderate complaints, mixed sentiment, low escalation risk)",,,
1343,Emma Clark,emma.clark1343@example.com,42,Female,6,340.0,-0.6084389088333334,0.01694338525622288,1.0,0.6020066889632107,59.6,0.3443333333333333,0.643259312,0.3333333333333333,4.0,0.5,66.66666666666666,3,0.4164777,"Balanced users (moderate complaints, mixed sentiment, low escalation risk)",,,
1344,James Lewis,james.lewis1344@example.com,48,Male,3,140.66666666666666,-0.7617825866666667,0.0017499365990710236,1.0,0.4455445544554455,100.5,0.16266666666666665,0.629512674,0.0,4.0,0.0,66.66666666666666,2,0.4949516106666667,"Balanced users (moderate complaints, mixed sentiment, low escalation risk)",,,
1345,Emily Harris,emily.harris1345@example.com,21,Male,7,160.0,-0.640864483,0.03157912773978923,1.0,0.7720588235294117,45.166666666666664,0.238,0.616580957,0.14285714285714285,4.4,0.24000000000000005,71.42857142857143,3,0.48439759,"Balanced users (moderate complaints, mixed sentiment, low escalation risk)",,,
1346,Harper Lewis,harper.lewis1346@example.com,47,Male,7,246.71428571428572,-0.4688446388571429,0.05692622740539448,0.5714285714285714,0.6709265175718849,52.0,0.15,0.5298745075714286,0.0,3.1666666666666665,2.472222222222222,85.71428571428571,1,-0.11740943171428571,"Frequent dissatisfied users (higher complaint volume, mostly negative sentiment)",,,
1347,William Harris,william.harris1347@example.com,36,Male,3,199.66666666666666,-0.16065808,0.024151323601028462,0.3333333333333333,0.3125,143.5,0.25666666666666665,0.4670472093333333,0.0,3.6666666666666665,0.22222222222222224,100.0,1,0.43252179,"High-risk escalators (high risk profile, aggressive tone, lower resolution)",,,
1348,John Martin,john.martin1348@example.com,43,Male,4,104.75,-0.64383734025,0.025396460592167238,0.75,0.875912408759124,45.333333333333336,0.133,0.58079713525,0.0,3.0,1.0,100.0,2,-0.04935871075000001,"Frequent dissatisfied users (higher complaint volume, mostly negative sentiment)",,,
1349,Matthew Anderson,matthew.anderson1349@example.com,27,Male,6,244.16666666666666,-0.5540344261666666,0.09940640034080352,0.6666666666666666,0.5341246290801187,67.2,0.2791666666666667,0.6027695218333333,0.3333333333333333,4.5,0.25,66.66666666666666,3,0.6066167501666667,"Balanced users (moderate complaints, mixed sentiment, low escalation risk)",,,
1350,Lucas Harris,lucas.harris1350@example.com,22,Male,3,260.3333333333333,-0.5515149883333333,0.06767294587020113,0.6666666666666666,7.5,5.5,0.3566666666666667,0.6290757046666666,0.3333333333333333,4.666666666666667,0.22222222222222224,100.0,3,0.7301775216666666,"Balanced users (moderate complaints, mixed sentiment, low escalation risk)",,,
1351,Emily Brown,emily.brown1351@example.com,51,Male,3,258.0,-0.27543382099999997,0.15705119546093416,0.6666666666666666,0.37656903765690375,119.0,0.36233333333333334,0.5413326586666667,0.0,3.3333333333333335,2.8888888888888893,100.0,2,0.214110712,"High-risk escalators (high risk profile, aggressive tone, lower resolution)",,,
1352,Lucas Anderson,lucas.anderson1352@example.com,54,Male,6,207.16666666666666,-0.457465512,0.08639014874547286,0.6666666666666666,0.7594936708860759,47.2,0.239,0.5573262913333333,0.16666666666666666,3.3333333333333335,0.8888888888888888,50.0,2,0.10141226116666668,"High-risk escalators (high risk profile, aggressive tone, lower resolution)",,,
1353,Amelia Taylor,amelia.taylor1353@example.com,28,Female,1,11.0,-0.504528522,0.0,0.0,15.0,,0.0,0.48897177,0.0,,,0.0,1,0.175723404,"High-risk escalators (high risk profile, aggressive tone, lower resolution)",,,
1354,Ella Brown,ella.brown1354@example.com,33,Female,3,106.66666666666667,-0.6416927276666666,0.054263724466306555,0.6666666666666666,0.3734439834024896,120.0,0.077,0.5605001363333333,0.0,3.0,0.0,66.66666666666666,1,-0.06532558833333334,"High-risk escalators (high risk profile, aggressive tone, lower resolution)",,,
1355,Harper Anderson,harper.anderson1355@example.com,42,Male,6,129.5,-0.621213471,0.03900372393862884,0.8333333333333334,0.5787781350482315,62.0,0.14833333333333334,0.5788110448333333,0.0,4.0,0.6666666666666666,50.0,2,0.17281188533333333,"Frequent dissatisfied users (higher complaint volume, mostly negative sentiment)",,,
1356,William Garcia,william.garcia1356@example.com,45,Male,7,427.85714285714283,-0.4151476941428571,0.10413708671626401,0.5714285714285714,0.8015267175572519,43.5,0.2342857142857143,0.5419230005714286,0.14285714285714285,4.5,0.5833333333333334,85.71428571428571,2,0.46566593,"High-risk escalators (high risk profile, aggressive tone, lower resolution)",,,
1357,Abigail Taylor,abigail.taylor1357@example.com,56,Male,4,236.75,-0.42908524724999997,0.08067294659350054,0.5,0.41666666666666663,95.66666666666667,0.1375,0.5125777055,0.0,3.6666666666666665,1.5555555555555554,75.0,1,-0.07684664075000003,"High-risk escalators (high risk profile, aggressive tone, lower resolution)",,,
1358,Robert Brown,robert.brown1358@example.com,30,Male,4,88.0,-0.144862555,0.1307275162690094,0.25,0.36585365853658536,109.0,0.1495,0.4244053305,0.0,2.75,1.6875,100.0,1,-0.189615954,"High-risk escalators (high risk profile, aggressive tone, lower resolution)",,,
1359,Ethan Jackson,ethan.jackson1359@example.com,60,Male,2,166.0,-0.2103790345,0.35386790708573274,0.5,0.3296703296703297,181.0,0.157,0.44832318649999997,0.0,2.5,2.25,100.0,1,0.02078878849999999,"High-risk escalators (high risk profile, aggressive tone, lower resolution)",,,
1360,Isabella Harris,isabella.harris1360@example.com,40,Female,2,86.0,-0.51334852,5.04327628417602e-06,0.5,1.7647058823529411,33.0,0.1165,0.5326132690000001,0.0,2.0,0.0,50.0,1,-0.35895564449999995,"Frequent dissatisfied users (higher complaint volume, mostly negative sentiment)",,,
1361,Sophia Robinson,sophia.robinson1361@example.com,22,Female,3,200.66666666666666,-0.6394103566666667,0.032573726559402896,1.0,0.28938906752411575,155.0,0.21033333333333334,0.6064250326666666,0.0,5.0,0.0,66.66666666666666,2,0.5670581760000001,"Balanced users (moderate complaints, mixed sentiment, low escalation risk)",,,
1362,Emma Thomas,emma.thomas1362@example.com,32,Female,10,255.7,-0.581699054,0.06472280894172804,0.8,1.094890510948905,30.333333333333332,0.2487,0.6010971925999999,0.1,3.5,0.5833333333333334,60.0,3,0.024849659000000014,"Frequent dissatisfied users (higher complaint volume, mostly negative sentiment)",,,
1363,Robert White,robert.white1363@example.com,45,Male,1,328.0,-0.705712676,0.0,1.0,15.0,,0.352,0.67755662,0.0,,,0.0,3,0.175723448,"Balanced users (moderate complaints, mixed sentiment, low escalation risk)",,,
1364,Amelia Thompson,amelia.thompson1364@example.com,52,Female,4,265.25,-0.5920513795,0.014060356897062948,0.75,0.3498542274052478,114.0,0.305,0.62416669825,0.25,2.5,2.25,50.0,3,-0.11216276549999998,"Frequent dissatisfied users (higher complaint volume, mostly negative sentiment)",,,
1365,Michael Garcia,michael.garcia1365@example.com,45,Male,5,351.4,-0.5747016096,0.09740823329681171,0.8,0.6437768240343348,58.0,0.2048,0.5834580232000001,0.2,3.0,2.0,60.0,3,0.08444687400000003,"Frequent dissatisfied users (higher complaint volume, mostly negative sentiment)",,,
1366,Lucas Thomas,lucas.thomas1366@example.com,37,Male,7,251.0,-0.4911595455714286,0.03605227405096604,0.7142857142857143,0.6542056074766355,53.333333333333336,0.19114285714285714,0.5515268524285715,0.0,3.6,0.64,71.42857142857143,1,0.2223361624285714,"High-risk escalators (high risk profile, aggressive tone, lower resolution)",,,
1367,Daniel Clark,daniel.clark1367@example.com,38,Male,1,168.0,-0.214787439,0.0,0.0,15.0,,0.138,0.443105918,0.0,,,0.0,1,0.175723448,"High-risk escalators (high risk profile, aggressive tone, lower resolution)",,,
1368,Michael Anderson,michael.anderson1368@example.com,46,Male,2,230.0,-0.0764253435,0.0022724856753246203,0.0,4.0,14.0,0.21899999999999997,0.4264882365,0.0,5.0,0.0,50.0,1,0.41514457000000005,"High-risk escalators (high risk profile, aggressive tone, lower resolution)",,,
1369,Isabella Thomas,isabella.thomas1369@example.com,46,Female,2,183.0,-0.704458773,0.013264101950233694,1.0,0.7594936708860759,78.0,0.2145,0.629024101,0.0,3.0,1.0,100.0,3,0.015530914000000007,"Frequent dissatisfied users (higher complaint volume, mostly negative sentiment)",,,
1370,Lucas Smith,lucas.smith1370@example.com,43,Male,7,173.85714285714286,-0.5854464055714285,0.08261292225581003,1.0,0.963302752293578,36.166666666666664,0.2542857142857143,0.6042700818571429,0.0,2.6666666666666665,2.2222222222222223,85.71428571428571,2,-0.22195202128571426,"Frequent dissatisfied users (higher complaint volume, mostly negative sentiment)",,,
1371,Matthew Thomas,matthew.thomas1371@example.com,28,Male,3,173.66666666666666,-0.47471962366666665,0.20481174627070986,0.6666666666666666,0.42654028436018954,105.0,0.155,0.533533878,0.0,5.0,0.0,33.33333333333333,1,0.410949359,"High-risk escalators (high risk profile, aggressive tone, lower resolution)",,,
1373,Abigail Clark,abigail.clark1373@example.com,33,Male,5,247.2,-0.6084007784000001,0.10616976826469397,0.8,0.5791505791505791,64.5,0.18939999999999999,0.5890202529999999,0.2,4.0,0.0,40.0,3,0.300421652,"Balanced users (moderate complaints, mixed sentiment, low escalation risk)",,,
1374,Robert Anderson,robert.anderson1374@example.com,43,Male,2,114.5,-0.3575260565,0.12011569698830037,0.5,0.375,159.0,0.2755,0.5376209685,0.5,3.5,2.25,100.0,3,-0.011374652499999971,"High-risk escalators (high risk profile, aggressive tone, lower resolution)",,,
1375,Abigail Brown,abigail.brown1375@example.com,24,Male,6,798.1666666666666,-0.470482751,0.1008928730367058,0.8333333333333334,0.5538461538461539,64.8,0.3173333333333333,0.5889735608333333,0.16666666666666666,4.5,0.25,33.33333333333333,3,0.40919672683333336,"Balanced users (moderate complaints, mixed sentiment, low escalation risk)",,,
1376,David Brown,david.brown1376@example.com,40,Male,3,147.66666666666666,-0.6448717713333333,0.021477140640872524,0.6666666666666666,0.72,62.0,0.11099999999999999,0.5734333256666667,0.0,5.0,0.0,33.33333333333333,1,0.33533752933333333,"Balanced users (moderate complaints, mixed sentiment, low escalation risk)",,,
1377,Ava White,ava.white1377@example.com,60,Female,1,95.0,-0.470330298,0.0,1.0,15.0,,0.298,0.582157347,0.0,4.0,0.0,100.0,2,-0.465236992,"High-risk escalators (high risk profile, aggressive tone, lower resolution)",,,
1378,Ava Garcia,ava.garcia1378@example.com,38,Female,5,338.6,-0.3285262748,0.100868920044859,0.6,0.5281690140845071,70.75,0.17099999999999999,0.4916210394,0.0,4.666666666666667,0.22222222222222224,80.0,1,0.3374007134,"High-risk escalators (high risk profile, aggressive tone, lower resolution)",3.0,0.3778,0.3865
1379,Mia Lewis,mia.lewis1379@example.com,31,Female,6,456.0,-0.3875340473333333,0.04445590615351313,0.6666666666666666,0.5113636363636364,70.2,0.33066666666666666,0.5666818986666667,0.16666666666666666,4.5,0.25,33.33333333333333,3,0.37314343683333334,"High-risk escalators (high risk profile, aggressive tone, lower resolution)",,,
1380,Isabella Garcia,isabella.garcia1380@example.com,35,Female,9,169.88888888888889,-0.4185022522222222,0.09098174872103484,0.5555555555555556,0.8598726114649682,39.125,0.16266666666666665,0.5179465653333334,0.0,3.875,0.109375,88.88888888888889,1,0.17008971499999997,"High-risk escalators (high risk profile, aggressive tone, lower resolution)",,,
1381,William Robinson,william.robinson1381@example.com,46,Male,4,130.0,-0.64714069675,0.011958989362739415,1.0,0.45627376425855515,87.33333333333333,0.1455,0.5862457265000001,0.0,2.3333333333333335,1.5555555555555554,75.0,2,-0.36603537225,"Frequent dissatisfied users (higher complaint volume, mostly negative sentiment)",,,
1382,David Lewis,david.lewis1382@example.com,21,Male,1,390.0,0.21239242,0.0,0.0,15.0,,0.241,0.340322464,0.0,5.0,0.0,100.0,1,0.881401181,"High-risk escalators (high risk profile, aggressive tone, lower resolution)",,,
1383,Mia Harris,mia.harris1383@example.com,41,Female,3,124.33333333333333,-0.7985403933333334,0.002740390927088295,1.0,0.38961038961038963,115.0,0.21333333333333335,0.6591922943333334,0.3333333333333333,1.0,0.0,66.66666666666666,3,-0.5192261093333334,"Frequent dissatisfied users (higher complaint volume, mostly negative sentiment)",,,
1384,Evelyn Anderson,evelyn.anderson1384@example.com,41,Male,3,301.6666666666667,-0.29480312766666666,0.1320444734567617,0.3333333333333333,0.4326923076923077,103.5,0.19266666666666665,0.48824434966666663,0.0,2.5,2.25,66.66666666666666,1,0.07243367499999999,"High-risk escalators (high risk profile, aggressive tone, lower resolution)",,,
1385,Lucas Jackson,lucas.jackson1385@example.com,59,Male,1,65.0,-0.842024148,0.0,1.0,15.0,,0.334,0.715557848,1.0,5.0,0.0,100.0,3,0.654565811,"Balanced users (moderate complaints, mixed sentiment, low escalation risk)",,,
1386,Ava Jackson,ava.jackson1386@example.com,28,Female,5,286.6,-0.3678010286,0.07047636894425018,0.6,0.625,59.75,0.2686,0.5385453342,0.0,3.5,2.25,80.0,1,0.38315530100000006,"High-risk escalators (high risk profile, aggressive tone, lower resolution)",,,
1387,Daniel White,daniel.white1387@example.com,42,Male,7,120.28571428571429,-0.6672200304285714,0.04543971355232528,0.8571428571428571,0.958904109589041,36.333333333333336,0.26071428571428573,0.6330965098571429,0.42857142857142855,4.25,0.1875,57.14285714285714,3,0.17422371257142855,"Balanced users (moderate complaints, mixed sentiment, low escalation risk)",,,
1388,Michael Lewis,michael.lewis1388@example.com,50,Male,4,244.25,-0.7826687845,0.003971041985715455,1.0,0.7843137254901961,50.666666666666664,0.3155,0.689792355,0.25,3.6666666666666665,1.5555555555555554,75.0,3,0.02100042225000001,"Frequent dissatisfied users (higher complaint volume, mostly negative sentiment)",,,
1389,Abigail Taylor,abigail.taylor1389@example.com,41,Male,6,361.8333333333333,-0.45263406366666664,0.04961175754079539,0.6666666666666666,0.72,49.8,0.2528333333333333,0.5605977373333334,0.16666666666666666,4.5,0.25,66.66666666666666,2,0.4083218476666666,"High-risk escalators (high risk profile, aggressive tone, lower resolution)",,,
1390,James Jackson,james.jackson1390@example.com,25,Male,4,454.25,-0.42450538275000005,0.42352549479195556,0.75,0.49180327868852464,81.0,0.24275000000000002,0.5479267495,0.0,3.5,0.25,50.0,1,0.174411174,"High-risk escalators (high risk profile, aggressive tone, lower resolution)",,,
1391,Ella Lewis,ella.lewis1391@example.com,57,Female,6,117.83333333333333,-0.7065906821666667,0.004184604237972766,1.0,0.9375,38.2,0.14216666666666666,0.604400305,0.0,4.0,0.0,66.66666666666666,2,0.5096066618333334,"Balanced users (moderate complaints, mixed sentiment, low escalation risk)",,,
1392,Amelia Garcia,amelia.garcia1392@example.com,24,Female,4,242.5,-0.57207426625,0.10061231842110133,0.75,0.3582089552238806,111.33333333333333,0.15125,0.5638616365,0.0,3.0,0.6666666666666666,75.0,1,-0.28725117475,"High-risk escalators (high risk profile, aggressive tone, lower resolution)",,,
1394,Lucas Taylor,lucas.taylor1394@example.com,24,Male,5,124.0,-0.677960515,0.006727372982058244,1.0,0.4658385093167702,80.25,0.2004,0.6154771674,0.2,4.0,0.6666666666666666,60.0,3,0.4373509078000001,"Balanced users (moderate complaints, mixed sentiment, low escalation risk)",,,
1395,Isabella White,isabella.white1395@example.com,38,Female,2,356.5,-0.6163611115000001,0.003040720726995632,1.0,0.7792207792207793,76.0,0.3625,0.6521923615,0.5,,,0.0,3,0.17572342600000002,"Balanced users (moderate complaints, mixed sentiment, low escalation risk)",,,
1396,Mia Anderson,mia.anderson1396@example.com,52,Female,5,132.6,-0.3928357006,0.19275613748819864,0.4,0.48543689320388345,77.0,0.1172,0.49369160259999995,0.0,5.0,0.0,40.0,1,0.45378822080000003,"High-risk escalators (high risk profile, aggressive tone, lower resolution)",,,
1397,Emily Garcia,emily.garcia1397@example.com,44,Male,6,175.66666666666666,-0.6439061365000001,0.04449002254445036,0.8333333333333334,0.7228915662650602,49.6,0.17716666666666667,0.5962778278333333,0.16666666666666666,4.0,0.0,50.0,3,0.172811878,"Balanced users (moderate complaints, mixed sentiment, low escalation risk)",,,
1398,Daniel Thomas,daniel.thomas1398@example.com,25,Male,5,128.8,-0.5225841136,0.06278557925708807,0.8,0.44776119402985076,83.5,0.2198,0.571769837,0.0,2.5,2.25,40.0,2,-0.16634027699999998,"Frequent dissatisfied users (higher complaint volume, mostly negative sentiment)",,,
1399,Robert Martinez,robert.martinez1399@example.com,38,Male,2,116.0,-0.38418175250000003,0.17169947159795615,0.5,5.0,11.0,0.2145,0.5249340695,0.0,4.0,0.0,50.0,1,0.52330444,"High-risk escalators (high risk profile, aggressive tone, lower resolution)",,,
1400,Matthew Brown,matthew.brown1400@example.com,26,Male,3,316.6666666666667,-0.5181616146666667,0.010832263646336654,1.0,1.4285714285714284,31.0,0.23933333333333331,0.5771691913333333,0.0,4.5,0.25,66.66666666666666,2,0.64617527,"Balanced users (moderate complaints, mixed sentiment, low escalation risk)",,,
1401,John Thomas,john.thomas1401@example.com,31,Male,6,189.66666666666666,-0.6060258646666666,0.05293600409793322,0.6666666666666666,0.9326424870466321,38.4,0.19266666666666665,0.5893917393333333,0.16666666666666666,2.75,1.6875,66.66666666666666,2,0.06172194550000001,"Frequent dissatisfied users (higher complaint volume, mostly negative sentiment)",,,
1402,Matthew Harris,matthew.harris1402@example.com,59,Male,4,208.25,-0.42496217675,0.08903409997857223,0.5,0.5063291139240506,78.66666666666667,0.19625,0.5318002075,0.0,4.0,0.5,100.0,1,0.079801701,"High-risk escalators (high risk profile, aggressive tone, lower resolution)",,,
1403,Daniel Harris,daniel.harris1403@example.com,46,Male,1,611.0,-0.197003841,0.0,1.0,15.0,,0.564,0.586426248,0.0,4.0,0.0,100.0,3,0.654565692,"Balanced users (moderate complaints, mixed sentiment, low escalation risk)",,,
1404,Ethan Jackson,ethan.jackson1404@example.com,44,Male,2,266.0,-0.531625852,0.007917520660163399,1.0,0.3157894736842105,189.0,0.273,0.5933284015,0.0,,,0.0,2,0.17572342600000002,"Balanced users (moderate complaints, mixed sentiment, low escalation risk)",,,
1405,Daniel Martinez,daniel.martinez1405@example.com,48,Male,3,197.0,-0.643214961,0.011149567852679565,1.0,0.7142857142857142,62.5,0.12933333333333333,0.5793115293333333,0.0,4.5,0.25,66.66666666666666,2,0.5670581906666666,"Balanced users (moderate complaints, mixed sentiment, low escalation risk)",,,
1406,Sophia Robinson,sophia.robinson1406@example.com,32,Female,2,39.0,-0.8185882865,0.0025690617259576548,1.0,0.9375,63.0,0.035,0.6032911935,0.0,,,0.0,2,0.175723448,"Balanced users (moderate complaints, mixed sentiment, low escalation risk)",,,
1407,Amelia Clark,amelia.clark1407@example.com,56,Female,5,619.2,-0.5733332186,0.06790012046066088,0.8,0.45045045045045046,83.0,0.3678,0.6400632958,0.4,4.0,0.6666666666666666,60.0,3,0.3961901096,"Balanced users (moderate complaints, mixed sentiment, low escalation risk)",,,
1408,Mia Martin,mia.martin1408@example.com,47,Female,1,127.0,-0.888609707,0.0,1.0,15.0,,0.021,0.621148155,0.0,1.0,0.0,100.0,2,-0.893634737,"Frequent dissatisfied users (higher complaint volume, mostly negative sentiment)",,,
1409,Isabella Smith,isabella.smith1409@example.com,43,Female,3,100.0,-0.4810336183333333,0.1352592900682222,0.6666666666666666,0.3488372093023256,128.5,0.10466666666666667,0.5179692593333333,0.0,5.0,0.0,33.33333333333333,1,0.33533752933333333,"High-risk escalators (high risk profile, aggressive tone, lower resolution)",,,
1410,James Brown,james.brown1410@example.com,33,Male,7,296.0,-0.6060576778571428,0.04223819807971665,0.8571428571428571,0.7720588235294117,45.166666666666664,0.2711428571428572,0.6168687454285714,0.0,3.0,2.8,71.42857142857143,2,-0.21292545142857144,"Frequent dissatisfied users (higher complaint volume, mostly negative sentiment)",,,
1411,Olivia Thomas,olivia.thomas1411@example.com,28,Female,5,150.2,-0.2889020698,0.06792569055747391,0.6,0.8823529411764706,42.25,0.25620000000000004,0.5085631724,0.2,3.25,1.6875,80.0,2,-0.017196330599999986,"High-risk escalators (high risk profile, aggressive tone, lower resolution)",,,
1412,Emma Robinson,emma.robinson1412@example.com,48,Female,4,299.0,-0.7332250625000001,0.0027581567469742016,1.0,0.8163265306122449,48.666666666666664,0.2655,0.65622314525,0.0,3.0,0.0,25.0,3,0.015483326999999991,"Balanced users (moderate complaints, mixed sentiment, low escalation risk)",,,
1414,Matthew Jackson,matthew.jackson1414@example.com,43,Male,2,107.5,-0.81798923,0.007637211000935041,1.0,1.7142857142857142,34.0,0.14400000000000002,0.6412465,0.5,4.0,0.0,100.0,3,0.09466435000000001,"Balanced users (moderate complaints, mixed sentiment, low escalation risk)",,,
1415,Evelyn Jackson,evelyn.jackson1415@example.com,32,Male,2,218.0,-0.305412285,0.02134538181394574,0.5,0.49586776859504134,120.0,0.215,0.499508993,0.0,4.0,0.0,50.0,1,-0.17448207000000002,"High-risk escalators (high risk profile, aggressive tone, lower resolution)",,,
1416,Harper Martinez,harper.martinez1416@example.com,54,Male,4,149.25,-0.72379630825,0.01678872039158495,1.0,0.547945205479452,72.66666666666667,0.0615,0.58175880025,0.0,4.0,0.0,25.0,1,0.29543399800000003,"Balanced users (moderate complaints, mixed sentiment, low escalation risk)",,,
1417,Emma Brown,emma.brown1417@example.com,21,Female,3,89.33333333333333,-0.7723361253333333,0.0016830204347182398,1.0,0.40178571428571425,111.5,0.159,0.6316592403333333,0.3333333333333333,3.6666666666666665,3.555555555555556,100.0,3,0.21060546233333335,"Frequent dissatisfied users (higher complaint volume, mostly negative sentiment)",,,
1418,Olivia Jackson,olivia.jackson1418@example.com,31,Female,5,146.0,-0.7193919538,0.0028627782202542704,1.0,0.5050505050505051,74.0,0.1216,0.601362385,0.0,3.0,1.0,80.0,2,-0.004342267200000016,"Frequent dissatisfied users (higher complaint volume, mostly negative sentiment)",,,
1419,Evelyn Martin,evelyn.martin1419@example.com,36,Male,2,28.0,-0.712740779,0.0020934353791056256,1.0,0.2469135802469136,242.0,0.0615,0.5781657535,0.0,2.5,2.25,100.0,1,0.015530914000000007,"Frequent dissatisfied users (higher complaint volume, mostly negative sentiment)",,,
1420,Harper Johnson,harper.johnson1420@example.com,29,Male,2,296.5,-0.5253901705,0.07654880468098067,1.0,0.5714285714285715,104.0,0.1915,0.5627768055,0.0,3.0,4.0,100.0,2,-0.011346399999999979,"Frequent dissatisfied users (higher complaint volume, mostly negative sentiment)",,,
1421,Ella Anderson,ella.anderson1421@example.com,44,Female,3,172.66666666666666,-0.4857783963333333,0.09954979617242295,0.6666666666666666,1.153846153846154,38.5,0.2966666666666667,0.5867113123333333,0.3333333333333333,4.0,0.6666666666666666,100.0,3,0.337093095,One-time intense cases (few complaints but highly negative; often resolved),,,
1422,Ethan Anderson,ethan.anderson1422@example.com,42,Male,2,477.0,-0.5896736684999999,0.0033074193658780547,1.0,0.37267080745341613,160.0,0.2645,0.6092189425000001,0.0,4.5,0.25,100.0,2,0.20808209449999998,"Balanced users (moderate complaints, mixed sentiment, low escalation risk)",,,
1423,James Harris,james.harris1423@example.com,54,Male,4,421.0,-0.52639755625,0.06742325242850361,0.75,1.1320754716981132,35.0,0.13774999999999998,0.544291706,0.0,3.5,2.25,50.0,1,0.028108593000000015,"High-risk escalators (high risk profile, aggressive tone, lower resolution)",,,
1424,William Taylor,william.taylor1424@example.com,24,Male,6,159.16666666666666,-0.6199175416666667,0.09354665426216241,0.8333333333333334,0.6741573033707865,53.2,0.23650000000000002,0.6092482011666667,0.0,1.3333333333333333,0.2222222222222222,50.0,2,-0.3499871321666666,"Frequent dissatisfied users (higher complaint volume, mostly negative sentiment)",,,
1425,Ethan Brown,ethan.brown1425@example.com,28,Male,2,757.0,-0.7623259425,0.0008343746232903923,1.0,0.48780487804878053,122.0,0.327,0.6872059315,0.5,,,0.0,3,0.17572342600000002,"Balanced users (moderate complaints, mixed sentiment, low escalation risk)",,,
1426,Ava Martinez,ava.martinez1426@example.com,43,Female,2,129.5,-0.6575149895000001,0.016088218044796255,1.0,1.935483870967742,30.0,0.1685,0.5976673715,0.0,3.0,1.0,100.0,2,-0.11953452249999996,"Frequent dissatisfied users (higher complaint volume, mostly negative sentiment)",,,
1427,Daniel Smith,daniel.smith1427@example.com,34,Male,2,432.0,-0.462803155,0.025256046340680106,1.0,0.22388059701492538,267.0,0.35150000000000003,0.5984360255000001,0.0,4.0,0.0,100.0,2,0.762725562,"Balanced users (moderate complaints, mixed sentiment, low escalation risk)",,,
1428,Harper Thomas,harper.thomas1428@example.com,46,Male,4,219.25,-0.42080070825,0.03420216557841352,0.75,0.4545454545454546,87.66666666666667,0.14475,0.5124227299999999,0.0,3.5,0.25,50.0,1,0.331596214,"High-risk escalators (high risk profile, aggressive tone, lower resolution)",,,
1429,John Thomas,john.thomas1429@example.com,49,Male,6,127.33333333333333,-0.5358599896666666,0.04489631981660918,0.8333333333333334,0.7594936708860759,47.2,0.19333333333333333,0.5668211633333333,0.16666666666666666,3.0,2.5,66.66666666666666,2,0.06346514300000002,"Frequent dissatisfied users (higher complaint volume, mostly negative sentiment)",,,
1430,Michael Harris,michael.harris1430@example.com,58,Male,5,158.8,-0.5536506392,0.08991580428584407,0.8,0.6024096385542168,62.0,0.3228,0.6179164578,0.4,3.0,1.0,40.0,3,0.11164642259999999,"Frequent dissatisfied users (higher complaint volume, mostly negative sentiment)",,,
1431,James Garcia,james.garcia1431@example.com,27,Male,4,193.75,-0.5627558807499999,0.12640596851392083,0.75,1.0714285714285714,37.0,0.226,0.58699566125,0.25,3.0,0.0,50.0,3,-0.005063333000000003,"Frequent dissatisfied users (higher complaint volume, mostly negative sentiment)",,,
1432,Harper White,harper.white1432@example.com,59,Male,3,194.0,-0.5504653083333334,0.12181010507722528,0.6666666666666666,1.5254237288135595,29.0,0.13966666666666666,0.5527845586666666,0.0,4.0,1.0,66.66666666666666,1,0.10186722366666666,"High-risk escalators (high risk profile, aggressive tone, lower resolution)",,,
1433,Matthew Martinez,matthew.martinez1433@example.com,54,Male,3,204.66666666666666,-0.39597620966666663,0.06077169772965388,0.6666666666666666,3.75,11.5,0.217,0.529642268,0.0,4.333333333333333,0.22222222222222224,100.0,1,0.3534047106666667,"High-risk escalators (high risk profile, aggressive tone, lower resolution)",,,
1434,John Brown,john.brown1434@example.com,56,Male,5,353.2,-0.5141839356,0.13956148290174852,0.6,0.6329113924050632,59.0,0.13399999999999998,0.5390097792,0.0,3.5,0.25,40.0,1,0.298318511,"High-risk escalators (high risk profile, aggressive tone, lower resolution)",,,
1435,Amelia Brown,amelia.brown1435@example.com,26,Female,6,189.66666666666666,-0.4770900148333333,0.060683364067858014,0.6666666666666666,0.821917808219178,43.6,0.15133333333333332,0.5330209215,0.0,2.8333333333333335,1.1388888888888888,100.0,1,-0.22579073916666667,"High-risk escalators (high risk profile, aggressive tone, lower resolution)",,,
1436,Ethan Thompson,ethan.thompson1436@example.com,40,Male,2,275.0,-0.024334082500000003,0.0033939870487221598,0.0,1.1320754716981132,52.0,0.28400000000000003,0.432308577,0.0,4.0,0.0,50.0,1,0.52330441,"High-risk escalators (high risk profile, aggressive tone, lower resolution)",,,
1437,Ava Thompson,ava.thompson1437@example.com,57,Female,1,396.0,-0.555545032,0.0,1.0,15.0,,0.247,0.592002135,0.0,4.0,0.0,100.0,2,0.870885432,"Balanced users (moderate complaints, mixed sentiment, low escalation risk)",,,
1438,William Lewis,william.lewis1438@example.com,42,Male,2,216.5,-0.20897734149999997,0.004600552595908502,0.0,0.5454545454545454,109.0,0.22,0.469917636,0.0,4.0,0.0,50.0,1,0.52330444,"High-risk escalators (high risk profile, aggressive tone, lower resolution)",,,
1439,Emma Clark,emma.clark1439@example.com,21,Female,3,219.33333333333334,-0.7240814763333333,0.025240049026744298,1.0,0.410958904109589,109.0,0.2843333333333333,0.6598431463333333,0.3333333333333333,4.0,1.0,66.66666666666666,3,0.19379062933333335,"Balanced users (moderate complaints, mixed sentiment, low escalation risk)",,,
1440,James Lewis,james.lewis1440@example.com,60,Male,4,168.5,-0.713982329,0.002523491290671568,1.0,0.48192771084337344,82.66666666666667,0.35450000000000004,0.681119257,0.5,4.5,0.25,50.0,3,0.52593337725,"Balanced users (moderate complaints, mixed sentiment, low escalation risk)",,,
1441,William Lewis,william.lewis1441@example.com,60,Male,5,178.2,-0.6933733044,0.03292137554627711,1.0,0.5576208178438662,67.0,0.12840000000000001,0.595286324,0.2,4.666666666666667,0.22222222222222224,80.0,2,0.4394540576,"Balanced users (moderate complaints, mixed sentiment, low escalation risk)",,,
1442,Lucas Thomas,lucas.thomas1442@example.com,24,Male,3,302.0,-0.4779779413333333,0.019390872791076496,1.0,1.0465116279069768,42.5,0.39866666666666667,0.6198761643333334,0.3333333333333333,5.0,0.0,66.66666666666666,3,0.6391647706666667,"Balanced users (moderate complaints, mixed sentiment, low escalation risk)",,,
1443,Amelia White,amelia.white1443@example.com,57,Female,4,102.0,-0.55002112675,0.09044307801211633,0.75,0.5660377358490566,70.33333333333333,0.12,0.5457568660000001,0.0,2.6666666666666665,1.5555555555555554,75.0,1,-0.27238874525,"Frequent dissatisfied users (higher complaint volume, mostly negative sentiment)",,,
1444,William Smith,william.smith1444@example.com,40,Male,6,285.6666666666667,-0.683894843,0.010791805548644576,1.0,0.8780487804878049,40.8,0.21916666666666665,0.6239741571666667,0.3333333333333333,3.8,0.96,83.33333333333334,3,0.006468685833333321,"Frequent dissatisfied users (higher complaint volume, mostly negative sentiment)",,,
1446,Isabella Harris,isabella.harris1446@example.com,50,Female,2,136.0,-0.7635602355,0.008492847862752551,1.0,1.2765957446808511,46.0,0.352,0.6963570765,0.5,1.0,0.0,50.0,3,-0.35895564449999995,"Frequent dissatisfied users (higher complaint volume, mostly negative sentiment)",,,
1447,Noah Martin,noah.martin1447@example.com,22,Male,2,301.5,-0.279127283,0.1046116805625441,0.5,0.821917808219178,72.0,0.2475,0.502341367,0.0,5.0,0.0,50.0,1,0.52330444,"High-risk escalators (high risk profile, aggressive tone, lower resolution)",,,
1448,Charlotte Brown,charlotte.brown1448@example.com,24,Female,6,222.66666666666666,-0.3623835188333333,0.06540299787677481,0.5,0.6766917293233082,53.0,0.1625,0.49964964349999996,0.0,4.2,0.5599999999999999,83.33333333333334,1,0.36847925666666664,"High-risk escalators (high risk profile, aggressive tone, lower resolution)",,,
1449,Amelia Lewis,amelia.lewis1449@example.com,36,Female,3,191.33333333333334,-0.7009527286666666,0.04070734985923936,1.0,0.46875,95.5,0.3486666666666667,0.6748429703333333,0.0,2.3333333333333335,0.8888888888888888,100.0,3,-0.590099196,"Frequent dissatisfied users (higher complaint volume, mostly negative sentiment)",,,
1450,Ava Anderson,ava.anderson1450@example.com,40,Female,6,139.16666666666666,-0.7196193336666666,0.005416554160889178,1.0,0.625,57.4,0.20733333333333334,0.6314429503333333,0.16666666666666666,3.25,1.6875,66.66666666666666,3,0.13311214216666667,"Frequent dissatisfied users (higher complaint volume, mostly negative sentiment)",,,
1451,Lucas Martin,lucas.martin1451@example.com,59,Male,3,583.0,-0.6771168313333332,0.005066101516452898,1.0,0.26627218934911245,168.5,0.304,0.6514629703333333,0.0,3.0,4.0,66.66666666666666,3,-0.021115198999999956,"Frequent dissatisfied users (higher complaint volume, mostly negative sentiment)",,,
1452,Michael Martinez,michael.martinez1452@example.com,44,Male,4,151.25,-0.40721445149999996,0.015350957858744952,0.75,0.576923076923077,69.0,0.1815,0.5208696967499999,0.0,2.0,1.0,50.0,1,-0.266704716,"High-risk escalators (high risk profile, aggressive tone, lower resolution)",,,
1453,Amelia Johnson,amelia.johnson1453@example.com,45,Female,2,213.5,-0.5864633175,0.007946196949263693,1.0,3.75,15.0,0.136,0.563200578,0.0,,,0.0,1,0.175723448,"Balanced users (moderate complaints, mixed sentiment, low escalation risk)",,,
1454,Abigail Johnson,abigail.johnson1454@example.com,35,Male,3,130.66666666666666,-0.6239932970000001,0.058264807677275154,1.0,0.4568527918781726,98.0,0.4053333333333333,0.669664488,0.6666666666666666,2.5,2.25,66.66666666666666,3,0.050991381,"Frequent dissatisfied users (higher complaint volume, mostly negative sentiment)",,,
1455,Olivia Smith,olivia.smith1455@example.com,43,Female,4,131.25,-0.6671064795,0.02662828873096349,1.0,0.5853658536585366,68.0,0.23975,0.62572210575,0.0,4.0,0.0,75.0,3,0.35083082675,"Balanced users (moderate complaints, mixed sentiment, low escalation risk)",,,
1456,Emily Taylor,emily.taylor1456@example.com,50,Male,4,314.25,-0.365604108,0.09162424619949588,0.5,0.4181184668989547,95.33333333333333,0.17175,0.50393383525,0.0,2.0,0.0,25.0,1,-0.07816331499999998,"High-risk escalators (high risk profile, aggressive tone, lower resolution)",,,
1457,Matthew Thompson,matthew.thompson1457@example.com,55,Male,2,109.5,-0.777707547,0.009044761115394595,1.0,1.6666666666666665,35.0,0.008,0.5805549525,0.0,,,0.0,1,0.175723448,"Balanced users (moderate complaints, mixed sentiment, low escalation risk)",,,
1458,Mia White,mia.white1458@example.com,53,Female,7,186.42857142857142,-0.33395819371428576,0.11146203534912959,0.5714285714285714,1.1052631578947367,31.5,0.15842857142857142,0.48898641285714284,0.0,4.2,0.15999999999999998,71.42857142857143,1,0.293522958,"High-risk escalators (high risk profile, aggressive tone, lower resolution)",,,
1459,Lucas Thompson,lucas.thompson1459@example.com,47,Male,1,48.0,-0.910677254,0.0,1.0,15.0,,0.036,0.633570108,0.0,,,0.0,2,0.175723448,"Balanced users (moderate complaints, mixed sentiment, low escalation risk)",,,
1460,Sophia Garcia,sophia.garcia1460@example.com,38,Female,7,252.57142857142858,-0.577376225,0.04576246177000313,0.8571428571428571,0.6017191977077364,58.0,0.32399999999999995,0.6260472731428572,0.14285714285714285,4.0,1.6,71.42857142857143,3,0.31214809828571427,"Frequent dissatisfied users (higher complaint volume, mostly negative sentiment)",,,
1461,Evelyn Taylor,evelyn.taylor1461@example.com,21,Male,3,150.33333333333334,-0.510321448,0.08397101984253774,0.6666666666666666,0.39473684210526316,113.5,0.3466666666666667,0.612187804,0.3333333333333333,5.0,0.0,33.33333333333333,3,0.33533751466666667,"Balanced users (moderate complaints, mixed sentiment, low escalation risk)",,,
1462,Noah Johnson,noah.johnson1462@example.com,54,Male,5,253.2,-0.334214283,0.16954456908985288,0.4,0.9433962264150944,39.5,0.258,0.5239196418,0.2,3.5,2.25,40.0,2,0.05762025100000003,"High-risk escalators (high risk profile, aggressive tone, lower resolution)",,,
1463,Ella Smith,ella.smith1463@example.com,50,Female,5,184.4,-0.515246196,0.12646774240960934,0.6,0.5703422053231939,65.5,0.2718,0.5875850138,0.0,4.333333333333333,0.22222222222222224,60.0,2,0.3158091842,"High-risk escalators (high risk profile, aggressive tone, lower resolution)",,,
1464,Robert Johnson,robert.johnson1464@example.com,37,Male,1,162.0,-0.841129541,0.0,1.0,15.0,,0.317,0.709317101,1.0,5.0,0.0,100.0,3,0.870885432,"Balanced users (moderate complaints, mixed sentiment, low escalation risk)",,,
1465,Abigail Johnson,abigail.johnson1465@example.com,39,Male,3,124.33333333333333,-0.5096671023333333,0.14855061919839355,0.6666666666666666,0.2922077922077922,153.5,0.14866666666666667,0.5426751416666667,0.0,3.3333333333333335,2.8888888888888893,100.0,1,0.22854252666666666,"High-risk escalators (high risk profile, aggressive tone, lower resolution)",,,
1466,Emma Lewis,emma.lewis1466@example.com,48,Female,4,217.25,-0.37830377725,0.1432975159340504,0.75,0.576923076923077,69.0,0.31625000000000003,0.55863622775,0.0,4.0,0.0,25.0,2,0.35214287025,"High-risk escalators (high risk profile, aggressive tone, lower resolution)",,,
1467,Ava Robinson,ava.robinson1467@example.com,42,Female,8,211.25,-0.551019607,0.056375121424788316,0.75,0.9302325581395349,36.714285714285715,0.252,0.592281372375,0.125,3.3333333333333335,1.5555555555555556,75.0,3,-0.066700503375,"Frequent dissatisfied users (higher complaint volume, mostly negative sentiment)",,,
1468,Harper Thomas,harper.thomas1468@example.com,40,Male,6,129.66666666666666,-0.6098984976666667,0.0643122305342536,1.0,0.6405693950177936,56.0,0.2315,0.6042420118333334,0.0,3.0,1.0,66.66666666666666,2,0.025659238000000018,"Frequent dissatisfied users (higher complaint volume, mostly negative sentiment)",,,
1469,Robert Smith,robert.smith1469@example.com,50,Male,2,205.0,-0.769762486,0.014761304988124325,1.0,0.46511627906976744,128.0,0.17049999999999998,0.634847808,0.0,4.0,0.0,100.0,2,0.20282419000000002,"Balanced users (moderate complaints, mixed sentiment, low escalation risk)",,,
1470,James Johnson,james.johnson1470@example.com,38,Male,1,277.0,-0.061290964,0.0,0.0,15.0,,0.103,0.380969563,0.0,3.0,0.0,100.0,1,-0.465236992,"High-risk escalators (high risk profile, aggressive tone, lower resolution)",,,
1471,Robert Thomas,robert.thomas1471@example.com,41,Male,1,45.0,-0.904743433,0.0,1.0,15.0,,0.114,0.658941616,0.0,2.0,0.0,100.0,3,-0.893578172,"Frequent dissatisfied users (higher complaint volume, mostly negative sentiment)",,,
1472,Amelia Martinez,amelia.martinez1472@example.com,47,Female,6,244.0,-0.7142501075,0.01056088656477427,1.0,0.7964601769911505,45.0,0.22666666666666668,0.6364646181666667,0.16666666666666666,3.3333333333333335,1.5555555555555556,100.0,3,0.060694783666666675,"Frequent dissatisfied users (higher complaint volume, mostly negative sentiment)",,,
1473,Matthew Jackson,matthew.jackson1473@example.com,31,Male,1,545.0,-0.248451725,0.0,0.0,15.0,,0.123,0.448796811,0.0,4.0,0.0,100.0,1,-0.465236992,"High-risk escalators (high risk profile, aggressive tone, lower resolution)",,,
1474,David Thomas,david.thomas1474@example.com,24,Male,1,344.0,-0.640908778,0.0,1.0,15.0,,0.341,0.652645353,0.0,5.0,0.0,100.0,3,0.881401181,"Balanced users (moderate complaints, mixed sentiment, low escalation risk)",,,
1475,Charlotte Robinson,charlotte.robinson1475@example.com,30,Female,3,109.0,-0.8121793863333333,0.002319905807740111,1.0,0.26627218934911245,168.5,0.15766666666666665,0.644141634,0.0,3.0,4.0,66.66666666666666,3,-0.021096304333333333,"Frequent dissatisfied users (higher complaint volume, mostly negative sentiment)",,,
1476,Robert Johnson,robert.johnson1476@example.com,52,Male,6,129.16666666666666,-0.36652656899999997,0.07899071849239503,0.6666666666666666,0.6844106463878328,52.4,0.11916666666666666,0.4858294683333333,0.0,4.0,0.0,16.666666666666664,1,0.25553048133333334,"High-risk escalators (high risk profile, aggressive tone, lower resolution)",,,
1477,Ethan Clark,ethan.clark1477@example.com,59,Male,6,266.5,-0.46304808216666665,0.071628015096863,0.6666666666666666,0.5232558139534884,68.6,0.18566666666666665,0.5404739603333334,0.0,3.4,1.4400000000000002,83.33333333333334,1,0.010208854833333352,"High-risk escalators (high risk profile, aggressive tone, lower resolution)",,,
1478,Lucas Clark,lucas.clark1478@example.com,35,Male,6,138.83333333333334,-0.539059172,0.04024409366703892,0.8333333333333334,0.6593406593406594,54.4,0.22999999999999998,0.5806942308333333,0.0,3.75,1.1875,66.66666666666666,2,0.2747241206666667,"Frequent dissatisfied users (higher complaint volume, mostly negative sentiment)",,,
1479,Harper Martin,harper.martin1479@example.com,43,Male,5,218.2,-0.5286466598,0.067121480539275,0.8,0.75,49.75,0.31579999999999997,0.6073401642,0.2,3.25,1.6875,80.0,3,-0.4464933634,One-time intense cases (few complaints but highly negative; often resolved),,,
1480,Amelia Jackson,amelia.jackson1480@example.com,32,Female,1,85.0,-0.865782559,0.0,1.0,15.0,,0.153,0.659929332,0.0,,,0.0,3,0.175723404,"Balanced users (moderate complaints, mixed sentiment, low escalation risk)",,,
1481,Abigail Lewis,abigail.lewis1481@example.com,33,Male,3,119.33333333333333,-0.5040246446666666,0.06651970456533486,0.3333333333333333,5.625,7.5,0.07200000000000001,0.5140080093333333,0.0,4.0,0.0,33.33333333333333,1,0.14832789166666668,"High-risk escalators (high risk profile, aggressive tone, lower resolution)",,,
1482,John White,john.white1482@example.com,30,Male,3,165.0,-0.6079970993333333,0.0052338608512584655,1.0,0.576923076923077,77.5,0.34600000000000003,0.6436990573333333,0.6666666666666666,4.5,0.25,66.66666666666666,3,0.5670581906666666,"Balanced users (moderate complaints, mixed sentiment, low escalation risk)",,,
1483,Charlotte Johnson,charlotte.johnson1483@example.com,60,Female,3,98.66666666666667,-0.8397868073333333,0.0013549532010732719,1.0,0.6293706293706294,71.0,0.31566666666666665,0.7084140456666667,0.3333333333333333,1.0,0.0,33.33333333333333,3,-0.18072928033333333,"Frequent dissatisfied users (higher complaint volume, mostly negative sentiment)",,,
1484,Evelyn Brown,evelyn.brown1484@example.com,34,Male,4,188.5,-0.67748588325,0.009565215803236791,1.0,0.3418803418803419,116.66666666666667,0.26975,0.63959541225,0.25,3.6666666666666665,1.5555555555555556,75.0,3,-0.07542263375,"Frequent dissatisfied users (higher complaint volume, mostly negative sentiment)",,,
1486,Daniel Garcia,daniel.garcia1486@example.com,50,Male,3,92.33333333333333,-0.8719449043333333,0.0007261242362472469,1.0,0.5113636363636364,87.5,0.15933333333333333,0.6641487606666666,0.3333333333333333,3.0,4.0,66.66666666666666,3,0.050991381,"Frequent dissatisfied users (higher complaint volume, mostly negative sentiment)",,,
1487,John Smith,john.smith1487@example.com,41,Male,4,229.75,-0.7317900955,0.016126672349807122,1.0,0.37383177570093457,106.66666666666667,0.3245,0.6764067810000001,0.25,5.0,0.0,75.0,3,0.64564393825,"Balanced users (moderate complaints, mixed sentiment, low escalation risk)",,,
1488,Amelia Robinson,amelia.robinson1488@example.com,57,Female,2,151.5,-0.778354138,0.0007390076422430239,1.0,1.25,47.0,0.1775,0.640090095,0.0,4.0,0.0,50.0,3,-0.17448207000000002,"Balanced users (moderate complaints, mixed sentiment, low escalation risk)",,,
1489,Olivia Martin,olivia.martin1489@example.com,50,Female,2,229.5,0.36528711750000004,0.05972825835986538,0.0,0.2898550724637681,206.0,0.1495,0.258606687,0.0,4.0,0.0,50.0,1,-0.17448207000000002,"High-risk escalators (high risk profile, aggressive tone, lower resolution)",,,
1490,Abigail Robinson,abigail.robinson1490@example.com,25,Male,8,163.125,-0.67670085275,0.014321979619676302,0.875,0.8304498269896194,41.142857142857146,0.184,0.609327777125,0.125,4.2,1.3599999999999999,62.5,3,0.390956200625,"Frequent dissatisfied users (higher complaint volume, mostly negative sentiment)",,,
1491,Ethan Johnson,ethan.johnson1491@example.com,52,Male,2,55.5,-0.577686429,0.011726469619880626,1.0,0.5084745762711864,117.0,0.3205,0.6249230895,0.5,4.5,0.25,100.0,3,0.06493911149999998,"Balanced users (moderate complaints, mixed sentiment, low escalation risk)",,,
1492,Robert White,robert.white1492@example.com,50,Male,1,182.0,-0.530882001,0.0,1.0,15.0,,0.028,0.50733665,0.0,,,0.0,1,0.175723448,"Balanced users (moderate complaints, mixed sentiment, low escalation risk)",,,
1493,Michael White,michael.white1493@example.com,58,Male,5,174.4,-0.6242528944,0.04411619869432746,0.8,1.4851485148514851,25.0,0.1724,0.5882221908,0.2,3.5,1.25,80.0,2,0.227696782,"Frequent dissatisfied users (higher complaint volume, mostly negative sentiment)",,,
1494,Michael Harris,michael.harris1494@example.com,55,Male,5,193.6,-0.7273054122,0.013342007996967642,1.0,0.45045045045045046,83.0,0.1452,0.612194259,0.0,3.2,2.16,100.0,2,-0.1119340898,"Frequent dissatisfied users (higher complaint volume, mostly negative sentiment)",,,
1496,Evelyn Anderson,evelyn.anderson1496@example.com,36,Male,7,222.57142857142858,-0.568845008,0.02952521564287052,1.0,0.6422018348623852,54.333333333333336,0.30814285714285716,0.6177246275714285,0.2857142857142857,3.8333333333333335,0.8055555555555555,85.71428571428571,3,0.2745093,"Frequent dissatisfied users (higher complaint volume, mostly negative sentiment)",,,
1497,Evelyn Harris,evelyn.harris1497@example.com,58,Male,3,129.66666666666666,-0.49084780599999994,0.023226271496111936,0.6666666666666666,0.3846153846153846,116.5,0.168,0.5433255366666666,0.0,2.0,0.0,66.66666666666666,1,-0.5013079396666666,"High-risk escalators (high risk profile, aggressive tone, lower resolution)",,,
1498,Ava Thompson,ava.thompson1498@example.com,28,Female,7,232.14285714285714,-0.5538731772857143,0.07616770599309074,0.7142857142857143,1.3375796178343948,26.0,0.14742857142857144,0.5566087827142857,0.0,2.5,2.25,28.57142857142857,1,-0.06860779042857142,"Frequent dissatisfied users (higher complaint volume, mostly negative sentiment)",,,
1499,Matthew Anderson,matthew.anderson1499@example.com,38,Male,3,293.6666666666667,-0.545626978,0.049982499416244476,0.6666666666666666,0.8411214953271028,53.0,0.17300000000000001,0.562878768,0.0,4.5,0.25,66.66666666666666,1,0.19379062933333335,"Balanced users (moderate complaints, mixed sentiment, low escalation risk)",,,
1500,Abigail White,abigail.white1500@example.com,22,Male,2,32.5,-0.800151646,2.5962724101769196e-05,1.0,4.285714285714286,13.0,0.09,0.616549285,0.0,2.0,0.0,50.0,2,-0.35892736199999997,"Frequent dissatisfied users (higher complaint volume, mostly negative sentiment)",,,
1501,Michael Thompson,michael.thompson1501@example.com,57,Male,2,194.5,-0.48194417349999996,0.051525657025221126,0.5,1.3043478260869565,45.0,0.187,0.5470818565,0.0,5.0,0.0,100.0,1,0.762725562,"High-risk escalators (high risk profile, aggressive tone, lower resolution)",,,
1502,Lucas Johnson,lucas.johnson1502@example.com,26,Male,7,187.14285714285714,-0.6159428954285715,0.04269901363222133,0.8571428571428571,0.6542056074766355,53.333333333333336,0.18328571428571427,0.5893314409999999,0.14285714285714285,2.8,2.56,71.42857142857143,2,-0.02824397828571428,"Frequent dissatisfied users (higher complaint volume, mostly negative sentiment)",,,
1503,Sophia Martin,sophia.martin1503@example.com,53,Female,5,132.2,-0.5933930218000001,0.037036300120051255,1.0,0.5415162454873647,69.0,0.1998,0.5877827318000001,0.0,3.2,0.15999999999999998,100.0,2,-0.0177669468,"Frequent dissatisfied users (higher complaint volume, mostly negative sentiment)",,,
1504,Charlotte Lewis,charlotte.lewis1504@example.com,56,Female,2,186.5,-0.8115941879999999,0.0017160396556618824,1.0,0.18072289156626506,331.0,0.264,0.6811681115,0.5,2.0,0.0,50.0,3,-0.33205007799999997,"Balanced users (moderate complaints, mixed sentiment, low escalation risk)",,,
1505,Isabella Taylor,isabella.taylor1505@example.com,60,Female,2,152.0,-0.0955875215,0.45819602992069525,0.5,1.1764705882352942,50.0,0.079,0.3837159445,0.0,5.0,0.0,100.0,1,0.8761433064999999,"High-risk escalators (high risk profile, aggressive tone, lower resolution)",,,
1506,Isabella Anderson,isabella.anderson1506@example.com,59,Female,2,64.0,-0.6438364685,0.009628669779992011,1.0,1.5789473684210527,37.0,0.1575,0.5893718525,0.0,1.0,0.0,50.0,2,-0.35895564449999995,"Frequent dissatisfied users (higher complaint volume, mostly negative sentiment)",,,
1507,Lucas Martinez,lucas.martinez1507@example.com,49,Male,8,286.5,-0.658321477375,0.010781169217807838,0.875,0.933852140077821,36.57142857142857,0.242625,0.62387323025,0.125,3.5,2.25,50.0,3,0.304060952625,"Frequent dissatisfied users (higher complaint volume, mostly negative sentiment)",,,
1508,Emma Anderson,emma.anderson1508@example.com,26,Female,7,168.0,-0.6728278611428572,0.028872126588122375,0.8571428571428571,0.6268656716417911,55.666666666666664,0.2152857142857143,0.619019055,0.2857142857142857,3.8,2.1600000000000006,71.42857142857143,3,0.24734594985714287,"Frequent dissatisfied users (higher complaint volume, mostly negative sentiment)",,,
1509,Harper Brown,harper.brown1509@example.com,27,Male,2,188.0,-0.248220764,0.1661642126624727,0.5,0.27906976744186046,214.0,0.35250000000000004,0.5290467485,0.0,5.0,0.0,50.0,1,0.5285623145,"High-risk escalators (high risk profile, aggressive tone, lower resolution)",,,
1510,Amelia Taylor,amelia.taylor1510@example.com,40,Female,3,253.66666666666666,-0.725390633,0.017427947287295176,1.0,1.139240506329114,39.0,0.17066666666666666,0.6204852893333334,0.0,5.0,0.0,33.33333333333333,2,0.3353375293333334,"Balanced users (moderate complaints, mixed sentiment, low escalation risk)",,,
1511,Daniel Thompson,daniel.thompson1511@example.com,31,Male,2,401.5,-0.6578216255,0.007716607426629509,1.0,10.0,5.0,0.228,0.6185920285,0.0,4.0,1.0,100.0,2,0.173098922,"Balanced users (moderate complaints, mixed sentiment, low escalation risk)",,,
1512,Robert Taylor,robert.taylor1512@example.com,35,Male,6,208.83333333333334,-0.5561614781666667,0.060373416450775236,0.8333333333333334,0.5056179775280899,71.0,0.2511666666666667,0.5936608138333334,0.16666666666666666,4.25,0.1875,66.66666666666666,3,0.38180096916666667,"Balanced users (moderate complaints, mixed sentiment, low escalation risk)",,,
1513,Mia Thomas,mia.thomas1513@example.com,37,Female,5,212.6,-0.7513912976,0.029583450515416786,1.0,0.6726457399103138,55.5,0.20740000000000003,0.6417921716,0.2,3.6666666666666665,0.22222222222222224,60.0,3,0.2844353554,"Balanced users (moderate complaints, mixed sentiment, low escalation risk)",,,
1514,David Martin,david.martin1514@example.com,52,Male,4,165.0,-0.441372632,0.09340649566022875,0.5,0.5240174672489083,76.0,0.0955,0.5018711055,0.0,2.3333333333333335,0.8888888888888888,75.0,1,-0.2872655245,"High-risk escalators (high risk profile, aggressive tone, lower resolution)",,,
1515,David Martin,david.martin1515@example.com,39,Male,2,360.5,-0.476361513,0.0007897179638902427,1.0,0.5882352941176471,101.0,0.28300000000000003,0.5788674915,0.0,2.5,0.25,100.0,2,-0.3731434125,"Frequent dissatisfied users (higher complaint volume, mostly negative sentiment)",,,
1516,Robert Johnson,robert.johnson1516@example.com,51,Male,5,154.2,-0.5283774288,0.1288868805013771,0.8,0.576923076923077,64.75,0.15999999999999998,0.5527226642,0.2,2.6666666666666665,1.5555555555555556,60.0,2,-0.2837701472,"Frequent dissatisfied users (higher complaint volume, mostly negative sentiment)",,,
1517,Daniel Anderson,daniel.anderson1517@example.com,33,Male,1,45.0,-0.546856821,0.0,1.0,15.0,,0.293,0.605278467,0.0,5.0,0.0,100.0,2,0.870885432,"Balanced users (moderate complaints, mixed sentiment, low escalation risk)",,,
1518,James Martinez,james.martinez1518@example.com,49,Male,3,116.66666666666667,-0.4320390473333333,0.06609676944238525,0.6666666666666666,0.30201342281879195,148.5,0.22666666666666668,0.5447460236666667,0.0,5.0,0.0,100.0,1,0.8743906616666667,"High-risk escalators (high risk profile, aggressive tone, lower resolution)",,,
1519,Noah Brown,noah.brown1519@example.com,24,Male,6,162.33333333333334,-0.4909801086666667,0.0759632342920621,0.6666666666666666,1.139240506329114,31.4,0.21183333333333332,0.5587102018333333,0.0,3.5,2.5833333333333335,100.0,2,0.03200029333333334,"Frequent dissatisfied users (higher complaint volume, mostly negative sentiment)",,,
1520,Robert Thomas,robert.thomas1520@example.com,32,Male,4,236.75,-0.54268596725,0.0610131293921444,0.75,0.48780487804878053,81.66666666666667,0.1905,0.56804793925,0.0,4.0,0.6666666666666666,75.0,2,0.240041811,"High-risk escalators (high risk profile, aggressive tone, lower resolution)",,,
1522,Daniel Taylor,daniel.taylor1522@example.com,59,Male,3,113.0,-0.7480623126666668,0.0026167486858950473,1.0,0.8737864077669903,51.0,0.08866666666666667,0.5991535849999999,0.0,4.0,0.0,66.66666666666666,2,0.19379062933333335,"Balanced users (moderate complaints, mixed sentiment, low escalation risk)",,,
1523,John Smith,john.smith1523@example.com,25,Male,4,105.5,-0.4631918835,0.09116407280368294,0.5,0.5825242718446602,68.33333333333333,0.1085,0.51351236225,0.0,4.666666666666667,0.22222222222222224,75.0,1,0.50538671,"High-risk escalators (high risk profile, aggressive tone, lower resolution)",,,
1524,Charlotte Martin,charlotte.martin1524@example.com,57,Female,4,277.5,-0.40926628575,0.05574803068711701,0.5,0.375,106.33333333333333,0.16675,0.516374043,0.0,5.0,0.0,25.0,1,0.29543400900000005,"High-risk escalators (high risk profile, aggressive tone, lower resolution)",,,
1525,James Anderson,james.anderson1525@example.com,55,Male,6,132.16666666666666,-0.5855838034999999,0.07189580657532561,0.8333333333333334,0.6569343065693432,54.6,0.1998333333333333,0.5852564028333334,0.0,3.6666666666666665,1.5555555555555554,50.0,2,0.22921773050000002,"Frequent dissatisfied users (higher complaint volume, mostly negative sentiment)",,,
1526,David Smith,david.smith1526@example.com,25,Male,8,342.625,-0.570380491625,0.08208714224943989,0.75,0.9302325581395349,36.714285714285715,0.250125,0.597917409875,0.25,3.8333333333333335,1.1388888888888888,75.0,3,-0.038064174500000006,"Frequent dissatisfied users (higher complaint volume, mostly negative sentiment)",,,
1527,Olivia Johnson,olivia.johnson1527@example.com,37,Female,3,242.0,-0.46305976299999996,0.06423815730652127,1.0,0.2922077922077922,153.5,0.29000000000000004,0.576994423,0.0,4.0,0.0,33.33333333333333,2,0.335337569,"Balanced users (moderate complaints, mixed sentiment, low escalation risk)",,,
1528,Matthew Smith,matthew.smith1528@example.com,25,Male,2,148.0,-0.400132373,0.09675917403990869,0.5,0.34090909090909094,175.0,0.0695,0.4793680215,0.0,,,0.0,1,0.17572342600000002,"High-risk escalators (high risk profile, aggressive tone, lower resolution)",,,
1529,Daniel Thompson,daniel.thompson1529@example.com,27,Male,3,342.3333333333333,-0.4805500343333333,0.138562396948496,0.6666666666666666,2.5,17.5,0.4203333333333334,0.628295428,0.3333333333333333,2.0,1.0,66.66666666666666,3,-0.4141996403333333,One-time intense cases (few complaints but highly negative; often resolved),,,
1530,Ella Thompson,ella.thompson1530@example.com,57,Female,2,226.5,-0.649181038,0.0018906925855890248,1.0,2.8571428571428568,20.0,0.188,0.601783837,0.0,5.0,0.0,50.0,2,0.41514457000000005,"Balanced users (moderate complaints, mixed sentiment, low escalation risk)",,,
1531,Noah Martinez,noah.martinez1531@example.com,27,Male,3,183.0,-0.6311549443333333,0.027831670076937636,0.6666666666666666,0.3543307086614173,126.5,0.26766666666666666,0.6238086903333333,0.3333333333333333,5.0,0.0,33.33333333333333,3,0.41094935899999996,"Balanced users (moderate complaints, mixed sentiment, low escalation risk)",,,
1532,Ava Lewis,ava.lewis1532@example.com,43,Female,4,395.0,-0.3742230215,0.13082511551486456,0.75,0.37735849056603776,105.66666666666667,0.35675,0.571484982,0.25,3.0,1.5,100.0,3,-0.013844951999999994,"High-risk escalators (high risk profile, aggressive tone, lower resolution)",,,
1533,William Garcia,william.garcia1533@example.com,53,Male,3,378.6666666666667,-0.46553616733333336,0.014477371526135048,0.6666666666666666,1.3043478260869565,34.0,0.2476666666666667,0.5629825876666666,0.0,1.0,0.0,33.33333333333333,2,-0.18072928033333333,"Frequent dissatisfied users (higher complaint volume, mostly negative sentiment)",,,
1534,Abigail Johnson,abigail.johnson1534@example.com,21,Male,5,452.0,-0.307256432,0.026622447054620146,0.6,0.8426966292134831,44.25,0.2598,0.5157883404,0.0,3.2,3.3600000000000003,100.0,1,0.12603102900000002,"High-risk escalators (high risk profile, aggressive tone, lower resolution)",,,
1535,Ella Johnson,ella.johnson1535@example.com,51,Female,5,391.0,-0.5443413256,0.06514751599851143,1.0,0.5617977528089888,66.5,0.2566,0.591720931,0.0,2.5,1.25,80.0,2,-0.3858757082,"Frequent dissatisfied users (higher complaint volume, mostly negative sentiment)",,,
1536,Ethan Martin,ethan.martin1536@example.com,39,Male,5,188.6,-0.5567852258,0.07966228031473163,0.8,0.42613636363636365,87.75,0.2796,0.6038151982,0.2,4.333333333333333,0.22222222222222224,60.0,3,0.5062927304,"Balanced users (moderate complaints, mixed sentiment, low escalation risk)",,,
1537,Olivia Johnson,olivia.johnson1537@example.com,54,Female,5,180.0,-0.5762415587999999,0.04896473210316027,0.8,0.49668874172185434,75.25,0.2,0.5822785068,0.0,4.0,0.6666666666666666,60.0,2,0.23906827260000002,"Frequent dissatisfied users (higher complaint volume, mostly negative sentiment)",,,
1538,John Thompson,john.thompson1538@example.com,31,Male,4,67.0,-0.7750130295,0.0013746884412728494,1.0,0.3973509933774834,100.33333333333333,0.09725,0.61091673475,0.0,2.6666666666666665,1.5555555555555556,75.0,2,-0.14700829625,"Frequent dissatisfied users (higher complaint volume, mostly negative sentiment)",,,
1539,Ethan Anderson,ethan.anderson1539@example.com,46,Male,2,147.0,-0.7118192315,0.011206262851631406,1.0,1.935483870967742,30.0,0.173,0.61689125,0.0,4.0,0.0,50.0,2,0.1346301135,"Balanced users (moderate complaints, mixed sentiment, low escalation risk)",,,
1540,Olivia Robinson,olivia.robinson1540@example.com,32,Female,3,184.33333333333334,-0.6735306183333334,0.0018254449901797956,1.0,0.37815126050420167,118.5,0.25066666666666665,0.6316307843333333,0.0,3.0,4.0,66.66666666666666,3,-0.021115173999999997,"Frequent dissatisfied users (higher complaint volume, mostly negative sentiment)",,,
1541,Robert White,robert.white1541@example.com,39,Male,4,104.5,-0.4773563555,0.04005264573404601,0.75,0.5429864253393666,73.33333333333333,0.121,0.5224908155,0.0,3.3333333333333335,0.8888888888888888,75.0,1,0.06164187175000002,"High-risk escalators (high risk profile, aggressive tone, lower resolution)",,,
1542,Ella Garcia,ella.garcia1542@example.com,45,Female,1,179.0,-0.408017367,0.0,0.0,15.0,,0.078,0.484905644,0.0,1.0,0.0,100.0,1,-0.893634737,"High-risk escalators (high risk profile, aggressive tone, lower resolution)",,,
1543,Sophia Clark,sophia.clark1543@example.com,40,Female,3,307.3333333333333,-0.5568674703333333,0.06064985947509011,0.6666666666666666,0.4864864864864865,92.0,0.42300000000000004,0.654031928,0.6666666666666666,4.333333333333333,0.888888888888889,100.0,3,0.409199675,"Balanced users (moderate complaints, mixed sentiment, low escalation risk)",,,
1544,Emma Thompson,emma.thompson1544@example.com,55,Female,8,191.625,-0.68161360925,0.014535739225458715,0.875,0.6956521739130435,49.142857142857146,0.144375,0.59705567325,0.0,3.0,1.7142857142857142,87.5,2,0.03581047224999999,"Frequent dissatisfied users (higher complaint volume, mostly negative sentiment)",,,
1545,Michael Robinson,michael.robinson1545@example.com,58,Male,3,245.33333333333334,-0.4065252346666666,0.2687477869012646,0.6666666666666666,0.4639175257731959,96.5,0.232,0.5383207013333333,0.0,4.0,0.0,100.0,1,0.4290165403333333,"High-risk escalators (high risk profile, aggressive tone, lower resolution)",,,
1546,Olivia White,olivia.white1546@example.com,56,Female,7,246.0,-0.4562194741428572,0.06976883325346389,0.5714285714285714,0.813953488372093,42.833333333333336,0.18514285714285714,0.5380713291428572,0.14285714285714285,3.75,0.6875,57.14285714285714,2,0.2740389212857143,"High-risk escalators (high risk profile, aggressive tone, lower resolution)",,,
1547,Robert Smith,robert.smith1547@example.com,59,Male,4,252.25,-0.51558563875,0.040942568730453946,0.75,0.4067796610169491,98.0,0.21900000000000003,0.56921533275,0.0,3.5,0.25,50.0,2,0.32896726575,"High-risk escalators (high risk profile, aggressive tone, lower resolution)",,,
1548,Mia White,mia.white1548@example.com,52,Female,3,292.0,-0.7622716026666666,0.01502936199693169,1.0,0.38626609442060084,116.0,0.20266666666666666,0.643671604,0.3333333333333333,4.5,0.25,66.66666666666666,3,0.19379062933333335,"Balanced users (moderate complaints, mixed sentiment, low escalation risk)",,,
1549,James Johnson,james.johnson1549@example.com,35,Male,3,291.3333333333333,-0.6571224133333334,0.01005262588769081,1.0,0.49723756906077343,90.0,0.24266666666666667,0.6234981173333334,0.0,3.3333333333333335,0.8888888888888888,100.0,3,-0.0485107553333333,"Frequent dissatisfied users (higher complaint volume, mostly negative sentiment)",,,
1550,Michael Harris,michael.harris1550@example.com,24,Male,5,227.0,-0.4833951742,0.07093518564591897,0.6,0.4672897196261682,80.0,0.2412,0.5665234316000001,0.2,3.25,0.1875,80.0,2,-0.36082497560000004,"Frequent dissatisfied users (higher complaint volume, mostly negative sentiment)",,,
1551,James White,james.white1551@example.com,29,Male,1,1301.0,-0.124069184,0.0,1.0,15.0,,0.655,0.594572485,0.0,,,0.0,3,0.175723448,"Balanced users (moderate complaints, mixed sentiment, low escalation risk)",,,
1552,John Smith,john.smith1552@example.com,23,Male,5,241.2,-0.4576050028,0.08399995556789555,0.6,0.7281553398058253,51.25,0.28840000000000005,0.5746616259999999,0.2,3.4,0.64,100.0,3,0.2538353204,"Frequent dissatisfied users (higher complaint volume, mostly negative sentiment)",,,
1553,Olivia Thomas,olivia.thomas1553@example.com,46,Female,3,144.66666666666666,-0.35673463833333335,0.12006803071451307,0.6666666666666666,1.0465116279069768,42.5,0.27666666666666667,0.5377720906666666,0.0,4.5,0.25,66.66666666666666,1,0.5705634403333334,"High-risk escalators (high risk profile, aggressive tone, lower resolution)",,,
1554,James Martin,james.martin1554@example.com,48,Male,4,95.75,-0.54309552175,0.006912989925071637,1.0,0.3498542274052478,114.0,0.1615,0.5580310445000001,0.0,2.5,2.25,50.0,1,-0.238403425,"Frequent dissatisfied users (higher complaint volume, mostly negative sentiment)",,,
1555,Robert Garcia,robert.garcia1555@example.com,24,Male,6,288.3333333333333,-0.6385719975,0.010091642237194507,0.8333333333333334,0.6122448979591836,58.6,0.22616666666666665,0.6116942326666667,0.16666666666666666,5.0,0.0,33.33333333333333,3,0.3731434441666666,"Balanced users (moderate complaints, mixed sentiment, low escalation risk)",,,
1556,Abigail Robinson,abigail.robinson1556@example.com,25,Male,4,110.0,-0.56395147375,0.0873855707288263,0.75,0.6779661016949152,58.666666666666664,0.20450000000000002,0.57985922925,0.25,4.0,0.0,25.0,3,0.29543399800000003,"Balanced users (moderate complaints, mixed sentiment, low escalation risk)",,,
1557,Isabella Jackson,isabella.jackson1557@example.com,24,Female,2,176.0,-0.775612593,0.004568029198316807,1.0,4.0,14.0,0.1385,0.6255490930000001,0.0,4.0,0.0,50.0,2,-0.17448207000000002,"Balanced users (moderate complaints, mixed sentiment, low escalation risk)",,,
1558,Abigail Brown,abigail.brown1558@example.com,56,Male,3,290.0,-0.5697956383333334,0.018392593462735033,0.6666666666666666,0.3180212014134276,141.0,0.26466666666666666,0.602816916,0.0,5.0,0.0,66.66666666666666,2,0.5705634403333334,"Balanced users (moderate complaints, mixed sentiment, low escalation risk)",,,
1559,Daniel Thomas,daniel.thomas1559@example.com,54,Male,3,176.0,-0.22340781466666662,0.2935475916662545,0.3333333333333333,0.3846153846153846,116.5,0.2723333333333333,0.4929242063333333,0.3333333333333333,4.5,0.25,66.66666666666666,2,0.10186746200000002,"High-risk escalators (high risk profile, aggressive tone, lower resolution)",,,
1560,Evelyn Brown,evelyn.brown1560@example.com,44,Male,1,237.0,-0.768341184,0.0,1.0,15.0,,0.127,0.619160885,0.0,4.0,0.0,100.0,2,0.093536779,"Balanced users (moderate complaints, mixed sentiment, low escalation risk)",,,
1561,Charlotte Thomas,charlotte.thomas1561@example.com,25,Female,2,299.5,-0.260080129,0.01722603671651201,1.0,0.9836065573770493,60.0,0.383,0.543576042,0.0,,,0.0,2,0.175723448,"High-risk escalators (high risk profile, aggressive tone, lower resolution)",,,
1562,James Jackson,james.jackson1562@example.com,38,Male,4,152.5,-0.619339563,0.007234695859514655,1.0,0.6,66.33333333333333,0.23525000000000001,0.6086228579999999,0.25,3.3333333333333335,2.8888888888888893,75.0,3,-0.14700826649999998,"Frequent dissatisfied users (higher complaint volume, mostly negative sentiment)",,,
1563,Emma Jackson,emma.jackson1563@example.com,35,Female,3,187.33333333333334,-0.6905547376666666,0.008423160938464505,1.0,1.2,37.0,0.2773333333333334,0.6464969563333334,0.3333333333333333,3.0,1.0,66.66666666666666,3,0.05101023600000001,"Frequent dissatisfied users (higher complaint volume, mostly negative sentiment)",,,
1564,Ava Garcia,ava.garcia1564@example.com,42,Female,3,133.66666666666666,-0.5245250686666667,0.13455680148444263,0.6666666666666666,0.6521739130434783,68.5,0.153,0.549020647,0.0,4.0,0.0,33.33333333333333,1,0.3353375293333334,"High-risk escalators (high risk profile, aggressive tone, lower resolution)",,,
1565,William Garcia,william.garcia1565@example.com,25,Male,1,391.0,-0.414490223,0.0,1.0,15.0,,0.125,0.503459322,0.0,4.0,0.0,100.0,1,-0.465236992,"High-risk escalators (high risk profile, aggressive tone, lower resolution)",,,
1566,Amelia Thompson,amelia.thompson1566@example.com,59,Female,2,148.0,-0.3936037275,0.0001440438633397564,0.0,0.3125,191.0,0.095,0.4861712115,0.0,4.5,0.25,100.0,1,0.20282422,"High-risk escalators (high risk profile, aggressive tone, lower resolution)",,,
1567,Isabella Jackson,isabella.jackson1567@example.com,24,Female,5,197.0,-0.238433069,0.04882154735272963,0.4,1.6483516483516483,22.5,0.2278,0.4822207476,0.0,3.5,0.25,40.0,1,0.1432998088,"High-risk escalators (high risk profile, aggressive tone, lower resolution)",,,
1568,Olivia Smith,olivia.smith1568@example.com,55,Female,5,250.4,-0.4963962236,0.08115952152628263,0.6,0.819672131147541,45.5,0.1442,0.5367987728,0.0,4.0,0.6666666666666666,60.0,1,0.43945404559999995,"High-risk escalators (high risk profile, aggressive tone, lower resolution)",,,
1569,Emma Robinson,emma.robinson1569@example.com,30,Female,3,166.66666666666666,-0.6454251506666667,0.012494321808209112,1.0,0.743801652892562,60.0,0.2996666666666667,0.639646507,0.0,4.5,0.25,66.66666666666666,3,0.4949516106666667,"Balanced users (moderate complaints, mixed sentiment, low escalation risk)",,,
1570,Matthew Martinez,matthew.martinez1570@example.com,55,Male,1,212.0,-0.707690239,0.0,1.0,15.0,,0.355,0.679249328,0.0,4.0,0.0,100.0,3,0.654565811,"Balanced users (moderate complaints, mixed sentiment, low escalation risk)",,,
1571,Sophia Brown,sophia.brown1571@example.com,39,Female,5,187.0,-0.7265350103999999,0.004975627037881404,1.0,0.45317220543806647,82.5,0.2842,0.6605938784000001,0.4,2.6666666666666665,1.5555555555555554,60.0,3,-0.1827776108,"Frequent dissatisfied users (higher complaint volume, mostly negative sentiment)",,,
1572,Ella Thompson,ella.thompson1572@example.com,31,Female,5,196.6,-0.7135392788,0.008050340060307843,1.0,1.0,37.25,0.23040000000000002,0.6375402656,0.2,3.25,0.6875,80.0,3,0.11269977379999999,"Frequent dissatisfied users (higher complaint volume, mostly negative sentiment)",,,
1573,Olivia Thomas,olivia.thomas1573@example.com,59,Female,5,271.4,-0.5908125074,0.0418558781066448,0.8,0.48543689320388345,77.0,0.2404,0.6011540648,0.0,4.25,0.1875,80.0,2,0.4234677522,"Balanced users (moderate complaints, mixed sentiment, low escalation risk)",,,
1574,Michael Smith,michael.smith1574@example.com,42,Male,2,134.0,-0.557687819,0.09164925643918352,0.5,0.5217391304347826,114.0,0.08499999999999999,0.5359985415,0.0,3.0,4.0,100.0,1,0.015530914000000007,"High-risk escalators (high risk profile, aggressive tone, lower resolution)",,,
1575,Emma Brown,emma.brown1575@example.com,27,Female,2,398.5,-0.0943469665,0.005239590613705273,0.0,0.8823529411764706,67.0,0.126,0.399762764,0.0,5.0,0.0,50.0,1,0.5285623145,"High-risk escalators (high risk profile, aggressive tone, lower resolution)",,,
1576,James Robinson,james.robinson1576@example.com,38,Male,5,127.8,-0.32186853400000004,0.13951938963144225,0.4,0.4807692307692307,77.75,0.13799999999999998,0.47790727359999996,0.0,3.5,0.75,80.0,1,0.383155289,"High-risk escalators (high risk profile, aggressive tone, lower resolution)",,,
1577,David Johnson,david.johnson1577@example.com,27,Male,4,349.0,-0.35872521425000004,0.05655362418473315,0.75,0.631578947368421,63.0,0.3865,0.57686069475,0.0,3.5,0.25,50.0,2,0.331596214,"High-risk escalators (high risk profile, aggressive tone, lower resolution)",,,
1578,Ella Taylor,ella.taylor1578@example.com,46,Female,5,162.0,-0.4502215028,0.17872212934229717,0.8,0.7211538461538461,51.75,0.19360000000000002,0.5390819884,0.0,3.25,2.1875,80.0,1,0.058673766000000016,"High-risk escalators (high risk profile, aggressive tone, lower resolution)",,,
1579,Evelyn Taylor,evelyn.taylor1579@example.com,56,Male,1,808.0,-0.566254258,0.0,1.0,15.0,,0.646,0.735132634,1.0,4.0,0.0,100.0,3,0.881401181,"Balanced users (moderate complaints, mixed sentiment, low escalation risk)",,,
1580,Amelia Thomas,amelia.thomas1580@example.com,32,Female,1,323.0,-0.285955906,0.0,1.0,15.0,,0.5,0.592935669,0.0,3.0,0.0,100.0,3,-0.465236992,"High-risk escalators (high risk profile, aggressive tone, lower resolution)",,,
1581,Abigail Thomas,abigail.thomas1581@example.com,21,Male,5,157.6,-0.511188358,0.06875124520639506,0.6,0.5434782608695652,68.75,0.1568,0.5460162164,0.0,2.3333333333333335,1.5555555555555554,60.0,1,-0.15625137719999999,"High-risk escalators (high risk profile, aggressive tone, lower resolution)",,,
1582,Amelia Jackson,amelia.jackson1582@example.com,48,Female,2,104.5,-0.69876951,0.0035671167159183376,1.0,0.625,95.0,0.1255,0.596025091,0.0,4.0,0.0,50.0,2,0.41514457000000005,"Balanced users (moderate complaints, mixed sentiment, low escalation risk)",,,
1583,Ella Thompson,ella.thompson1583@example.com,41,Female,4,198.5,-0.63901928825,0.018124293357163767,1.0,0.39473684210526316,101.0,0.269,0.62683126875,0.0,3.0,2.0,75.0,3,-0.41209632925,"Frequent dissatisfied users (higher complaint volume, mostly negative sentiment)",,,
1584,Sophia White,sophia.white1584@example.com,33,Female,3,136.33333333333334,-0.6319635410000001,0.0661727943621061,0.6666666666666666,3.4615384615384617,12.5,0.14066666666666666,0.579621484,0.0,2.5,2.25,66.66666666666666,2,-0.20812498066666663,"Frequent dissatisfied users (higher complaint volume, mostly negative sentiment)",,,
1585,Matthew Martinez,matthew.martinez1585@example.com,22,Male,3,680.0,-0.47150728133333336,0.02862246623170118,0.6666666666666666,0.43902439024390244,102.0,0.306,0.5853398663333333,0.3333333333333333,5.0,0.0,33.33333333333333,3,0.3353375293333334,"Balanced users (moderate complaints, mixed sentiment, low escalation risk)",,,
1586,Charlotte Clark,charlotte.clark1586@example.com,33,Female,5,206.8,-0.47680873339999996,0.08240955561642828,0.6,0.5474452554744526,68.25,0.2504,0.5676028382,0.2,3.5,1.25,80.0,2,-0.16641483900000004,"Frequent dissatisfied users (higher complaint volume, mostly negative sentiment)",,,
1587,Harper Garcia,harper.garcia1587@example.com,47,Male,4,268.75,-0.6256946772499999,0.013564525458869495,1.0,0.3508771929824561,113.66666666666667,0.19075,0.5951132702499999,0.0,3.0,4.0,50.0,2,0.028094470499999996,"Frequent dissatisfied users (higher complaint volume, mostly negative sentiment)",,,
1588,Olivia Garcia,olivia.garcia1588@example.com,28,Female,4,134.0,-0.633988753,0.04838317466357507,0.75,0.5660377358490566,70.33333333333333,0.166,0.5891463447499999,0.25,4.0,0.0,50.0,3,0.52330444,"Balanced users (moderate complaints, mixed sentiment, low escalation risk)",,,
1589,William Martinez,william.martinez1589@example.com,58,Male,3,146.33333333333334,-0.6870530643333334,0.0174869909427375,1.0,0.5389221556886228,83.0,0.20933333333333334,0.6215589123333333,0.0,3.0,0.0,33.33333333333333,2,-0.037930032,"Balanced users (moderate complaints, mixed sentiment, low escalation risk)",,,
1590,Mia Clark,mia.clark1590@example.com,22,Female,8,261.875,-0.52650298725,0.09221184159531216,0.75,0.7407407407407407,46.142857142857146,0.30425,0.602600970875,0.25,2.25,1.1875,50.0,3,-0.12493784012499998,"Frequent dissatisfied users (higher complaint volume, mostly negative sentiment)",,,
1591,Daniel Martinez,daniel.martinez1591@example.com,52,Male,5,139.2,-0.7101232348,0.013166790168875878,1.0,1.0135135135135136,36.75,0.162,0.6124900514,0.0,3.75,2.6875,80.0,2,0.383155301,"Frequent dissatisfied users (higher complaint volume, mostly negative sentiment)",,,
1592,Robert Martin,robert.martin1592@example.com,33,Male,6,125.66666666666667,-0.7139760058333334,0.0448380024584355,0.8333333333333334,1.0344827586206897,34.6,0.17566666666666667,0.6185255351666666,0.0,3.3333333333333335,0.22222222222222224,50.0,2,0.26418822233333333,"Frequent dissatisfied users (higher complaint volume, mostly negative sentiment)",,,
1594,Harper White,harper.white1594@example.com,51,Male,1,114.0,-0.598178983,0.0,1.0,15.0,,0.3,0.624408169,0.0,1.0,0.0,100.0,3,-0.839823604,"Frequent dissatisfied users (higher complaint volume, mostly negative sentiment)",,,
1595,Olivia Thompson,olivia.thompson1595@example.com,52,Female,3,157.33333333333334,-0.5390549996666667,0.010765151673608989,1.0,0.430622009569378,104.0,0.283,0.5992428753333333,0.0,3.3333333333333335,2.8888888888888893,100.0,2,0.21412960666666667,"Frequent dissatisfied users (higher complaint volume, mostly negative sentiment)",,,
1596,Ella Robinson,ella.robinson1596@example.com,60,Female,2,501.0,-0.631343335,0.006253809147698837,1.0,0.6185567010309279,96.0,0.498,0.7044865835,0.5,5.0,0.0,50.0,3,0.4151446295,"Balanced users (moderate complaints, mixed sentiment, low escalation risk)",,,
1597,Robert Brown,robert.brown1597@example.com,43,Male,5,221.4,-0.6052217722,0.03517428136479678,0.6,1.2195121951219512,30.5,0.11699999999999999,0.562647076,0.0,4.75,0.1875,80.0,1,0.5352225064,"High-risk escalators (high risk profile, aggressive tone, lower resolution)",,,
1598,Lucas Anderson,lucas.anderson1598@example.com,52,Male,2,115.5,-0.4562465775,0.07945814830815232,0.5,0.5825242718446602,102.0,0.086,0.5033801375,0.0,3.0,0.0,50.0,1,0.1346301135,"High-risk escalators (high risk profile, aggressive tone, lower resolution)",,,
1599,Harper Brown,harper.brown1599@example.com,51,Male,4,180.5,-0.44467973725,0.031925182949289664,0.5,0.5150214592274678,77.33333333333333,0.18375000000000002,0.5338334145,0.0,2.3333333333333335,1.5555555555555554,75.0,1,-0.379488327,"High-risk escalators (high risk profile, aggressive tone, lower resolution)",,,
1600,Matthew Johnson,matthew.johnson1600@example.com,37,Male,2,248.0,-0.5867539495,0.047739217049670546,1.0,0.46153846153846156,129.0,0.1505,0.5683700334999999,0.0,4.5,0.25,100.0,1,0.8761433064999999,"Balanced users (moderate complaints, mixed sentiment, low escalation risk)",,,
1601,John Jackson,john.jackson1601@example.com,48,Male,3,79.66666666666667,-0.595518291,0.07407311844647342,0.6666666666666666,0.40358744394618834,111.0,0.10066666666666667,0.553776778,0.0,5.0,0.0,33.33333333333333,1,0.41094934433333336,"High-risk escalators (high risk profile, aggressive tone, lower resolution)",,,
1602,Robert Garcia,robert.garcia1602@example.com,56,Male,7,204.85714285714286,-0.45456540157142855,0.04467978224135909,0.5714285714285714,0.8786610878661087,39.666666666666664,0.17614285714285716,0.5343837554285714,0.0,3.5,0.25,57.14285714285714,1,-0.11920765928571428,"High-risk escalators (high risk profile, aggressive tone, lower resolution)",,,
1603,William White,william.white1603@example.com,52,Male,2,206.5,-0.429761067,0.07631619737493049,0.5,0.2469135802469136,242.0,0.214,0.539572347,0.0,5.0,0.0,50.0,1,0.52330444,"High-risk escalators (high risk profile, aggressive tone, lower resolution)",,,
1604,Abigail Thomas,abigail.thomas1604@example.com,43,Male,3,188.0,-0.4644192956666666,0.0844637176553516,1.0,0.35019455252918286,128.0,0.22999999999999998,0.556436271,0.0,2.5,0.25,66.66666666666666,2,-0.37644571600000004,"High-risk escalators (high risk profile, aggressive tone, lower resolution)",,,
1605,John Clark,john.clark1605@example.com,38,Male,5,127.8,-0.7219355224,0.020643986591769352,1.0,0.5660377358490566,66.0,0.16240000000000002,0.616469045,0.0,3.0,1.5,80.0,2,0.11269976179999999,"Frequent dissatisfied users (higher complaint volume, mostly negative sentiment)",,,
1606,Emily Thompson,emily.thompson1606@example.com,46,Male,3,385.3333333333333,-0.666166445,0.002769542204127458,1.0,0.5806451612903226,77.0,0.313,0.6510540946666666,0.0,4.5,0.25,66.66666666666666,3,0.5670581906666666,"Balanced users (moderate complaints, mixed sentiment, low escalation risk)",,,
1607,Olivia Johnson,olivia.johnson1607@example.com,36,Female,2,101.0,-0.591534987,0.024279964333887023,1.0,0.32786885245901637,182.0,0.16549999999999998,0.5751738710000001,0.0,3.5,0.25,100.0,2,0.20282422,"Balanced users (moderate complaints, mixed sentiment, low escalation risk)",,,
1608,Mia Johnson,mia.johnson1608@example.com,33,Female,4,100.5,-0.6174275505,0.012963022575946781,1.0,0.5128205128205129,77.66666666666667,0.1695,0.584988954,0.0,4.0,0.6666666666666666,75.0,2,0.11464723175000001,"Frequent dissatisfied users (higher complaint volume, mostly negative sentiment)",,,
1609,Ethan Johnson,ethan.johnson1609@example.com,32,Male,3,105.0,-0.6963038840000001,0.03384745518934482,0.6666666666666666,0.4945054945054945,90.5,0.23399999999999999,0.633198762,0.3333333333333333,4.0,0.0,33.33333333333333,3,0.3353375293333334,"Balanced users (moderate complaints, mixed sentiment, low escalation risk)",,,
1610,Amelia Harris,amelia.harris1610@example.com,26,Female,5,226.8,-0.5256740049999999,0.0670291304202606,0.8,0.635593220338983,58.75,0.1628,0.5528240517999999,0.0,3.8,2.16,100.0,1,-0.059720182600000005,"High-risk escalators (high risk profile, aggressive tone, lower resolution)",,,
1611,Lucas Thompson,lucas.thompson1611@example.com,44,Male,7,185.57142857142858,-0.6423689125714286,0.036242447651743184,0.8571428571428571,0.958904109589041,36.333333333333336,0.202,0.6044698965714286,0.0,4.5,0.25,28.57142857142857,2,0.18496877557142857,"Balanced users (moderate complaints, mixed sentiment, low escalation risk)",,,
1612,Robert Martinez,robert.martinez1612@example.com,40,Male,3,192.33333333333334,-0.3580301293333334,0.08740501341766889,0.6666666666666666,0.6081081081081081,73.5,0.10133333333333333,0.4768264586666667,0.0,4.0,0.0,33.33333333333333,1,0.41094934433333336,"High-risk escalators (high risk profile, aggressive tone, lower resolution)",,,
1613,John Anderson,john.anderson1613@example.com,58,Male,6,321.3333333333333,-0.4633134403333334,0.07959259837957681,0.6666666666666666,0.6081081081081081,59.0,0.32349999999999995,0.5888018681666667,0.3333333333333333,3.5,1.5833333333333333,100.0,3,0.15420903,"Frequent dissatisfied users (higher complaint volume, mostly negative sentiment)",,,
1614,Ella Harris,ella.harris1614@example.com,38,Female,6,180.0,-0.6715765891666666,0.05877600184489284,0.8333333333333334,1.1920529801324504,30.0,0.13583333333333333,0.5908040581666666,0.0,4.0,0.6666666666666666,50.0,2,0.13500596316666666,"Frequent dissatisfied users (higher complaint volume, mostly negative sentiment)",,,
1615,Abigail Brown,abigail.brown1615@example.com,32,Male,11,197.63636363636363,-0.5788423839090909,0.09077127325781463,0.8181818181818182,0.9141274238227147,36.0,0.276,0.6097237748181819,0.2727272727272727,3.6,1.0400000000000003,45.45454545454545,3,0.12534397136363637,"Frequent dissatisfied users (higher complaint volume, mostly negative sentiment)",,,
1616,John Anderson,john.anderson1616@example.com,42,Male,7,245.71428571428572,-0.5677262844285714,0.05287297109140477,0.8571428571428571,0.6645569620253164,52.5,0.2847142857142857,0.6091610425714286,0.14285714285714285,3.0,2.0,85.71428571428571,3,-0.39809599328571427,"Frequent dissatisfied users (higher complaint volume, mostly negative sentiment)",,,
1617,Evelyn Lewis,evelyn.lewis1617@example.com,51,Male,4,266.0,-0.46818934,0.06413804268291254,0.75,0.888888888888889,44.666666666666664,0.17275000000000001,0.5376240355,0.0,3.25,0.6875,100.0,1,-0.41919035875,"High-risk escalators (high risk profile, aggressive tone, lower resolution)",,,
1618,Emma Jackson,emma.jackson1618@example.com,32,Female,4,188.0,-0.27520580575,0.06654503927658147,0.25,1.5384615384615383,25.666666666666668,0.23825000000000002,0.497829387,0.0,3.75,0.1875,100.0,1,0.52987898875,"High-risk escalators (high risk profile, aggressive tone, lower resolution)",,,
1619,Evelyn Smith,evelyn.smith1619@example.com,24,Male,4,297.75,-0.26419304675,0.06360680803174559,0.5,0.7547169811320755,52.666666666666664,0.154,0.46476274,0.0,4.0,0.0,25.0,1,0.0006208865000000147,"High-risk escalators (high risk profile, aggressive tone, lower resolution)",,,
1620,David Martin,david.martin1620@example.com,46,Male,5,253.2,-0.4184076742,0.0802906173141331,0.8,0.6122448979591836,61.0,0.30060000000000003,0.5661924938,0.0,4.0,3.0,80.0,2,0.29243241840000006,"Frequent dissatisfied users (higher complaint volume, mostly negative sentiment)",,,
1621,William Johnson,william.johnson1621@example.com,27,Male,2,349.5,-0.6637612285000001,0.007834992058455593,1.0,0.22222222222222224,269.0,0.21,0.6142223995,0.0,5.0,0.0,50.0,2,0.52330444,"Balanced users (moderate complaints, mixed sentiment, low escalation risk)",,,
1622,Olivia Garcia,olivia.garcia1622@example.com,39,Female,9,205.88888888888889,-0.4989203317777777,0.09503509544677843,0.6666666666666666,0.9642857142857142,34.875,0.1847777777777778,0.5518213301111111,0.2222222222222222,4.285714285714286,0.20408163265306126,77.77777777777779,2,0.47272268255555555,"High-risk escalators (high risk profile, aggressive tone, lower resolution)",,,
1623,Noah Taylor,noah.taylor1623@example.com,37,Male,4,172.0,-0.6587521435,0.014434653283587527,1.0,0.7894736842105263,50.333333333333336,0.14225,0.5888819464999999,0.0,4.0,1.0,50.0,2,0.19190277125,"Frequent dissatisfied users (higher complaint volume, mostly negative sentiment)",,,
1624,Charlotte Thompson,charlotte.thompson1624@example.com,23,Female,9,162.77777777777777,-0.4851047296666667,0.044931709788908626,0.8888888888888888,1.8620689655172413,18.0,0.19444444444444445,0.5507145927777778,0.0,4.142857142857143,0.9795918367346939,77.77777777777779,1,0.4746192593333334,"Frequent dissatisfied users (higher complaint volume, mostly negative sentiment)",,,
1625,Lucas Anderson,lucas.anderson1625@example.com,25,Male,5,130.6,-0.4253798218,0.05733556419156305,0.8,0.48543689320388345,77.0,0.1406,0.5124584422,0.0,1.5,0.25,40.0,1,-0.24124626259999998,"High-risk escalators (high risk profile, aggressive tone, lower resolution)",,,
1626,John Garcia,john.garcia1626@example.com,26,Male,6,125.33333333333333,-0.6878510415,0.008880815199819807,1.0,0.5863192182410423,61.2,0.24566666666666667,0.6345349218333333,0.16666666666666666,3.5,2.25,66.66666666666666,3,0.18843518183333333,"Frequent dissatisfied users (higher complaint volume, mostly negative sentiment)",,,
1627,James White,james.white1627@example.com,32,Male,5,210.0,-0.6534669042,0.021764101478340955,1.0,0.5067567567567568,73.75,0.3156,0.6478367439999999,0.2,4.0,1.0,40.0,3,0.1432998088,"Balanced users (moderate complaints, mixed sentiment, low escalation risk)",,,
1628,James Anderson,james.anderson1628@example.com,30,Male,3,189.66666666666666,-0.5096349716666667,0.06772673413791752,0.6666666666666666,0.4712041884816754,95.0,0.11433333333333333,0.5306480326666666,0.0,3.6666666666666665,0.8888888888888888,100.0,1,-0.03967971600000001,"High-risk escalators (high risk profile, aggressive tone, lower resolution)",,,
1629,Abigail Anderson,abigail.anderson1629@example.com,39,Male,3,231.33333333333334,-0.1666534093333333,0.2087390117576533,0.3333333333333333,0.8256880733944955,54.0,0.245,0.464912358,0.0,2.0,0.0,33.33333333333333,1,-0.162792236,"High-risk escalators (high risk profile, aggressive tone, lower resolution)",,,
1630,Matthew Garcia,matthew.garcia1630@example.com,37,Male,3,178.33333333333334,-0.5596409393333334,0.12187799492887713,0.6666666666666666,0.45918367346938777,97.5,0.078,0.5341833056666667,0.0,4.0,0.0,100.0,1,0.16990032266666666,"High-risk escalators (high risk profile, aggressive tone, lower resolution)",,,
1631,Robert Martinez,robert.martinez1631@example.com,35,Male,1,269.0,-0.770164073,0.0,1.0,15.0,,0.529,0.760453324,1.0,5.0,0.0,100.0,3,0.881401181,"Balanced users (moderate complaints, mixed sentiment, low escalation risk)",,,
1632,Emma Lewis,emma.lewis1632@example.com,47,Female,6,159.16666666666666,-0.5229875841666667,0.27910726646298983,0.8333333333333334,0.6020066889632107,59.6,0.2916666666666667,0.5970542981666667,0.3333333333333333,2.0,0.0,50.0,3,-0.3499871296666666,"Frequent dissatisfied users (higher complaint volume, mostly negative sentiment)",,,
1634,Robert Anderson,robert.anderson1634@example.com,59,Male,3,167.33333333333334,-0.5041954716666667,0.00547142975582473,1.0,0.34615384615384615,129.5,0.15766666666666668,0.5440468616666666,0.0,2.0,1.0,66.66666666666666,1,-0.2081059816666667,"High-risk escalators (high risk profile, aggressive tone, lower resolution)",,,
1635,David Martinez,david.martinez1635@example.com,32,Male,2,330.0,-0.35025312000000003,0.01102458777385337,1.0,1.1320754716981132,52.0,0.6214999999999999,0.6563572639999999,0.5,1.0,0.0,50.0,3,-0.3589556665,"Frequent dissatisfied users (higher complaint volume, mostly negative sentiment)",,,
1636,Lucas Anderson,lucas.anderson1636@example.com,26,Male,4,184.25,-0.5326268,0.03366896229609087,1.0,0.4225352112676056,94.33333333333333,0.37025,0.62769121,0.25,5.0,0.0,25.0,3,0.34951392200000003,"Balanced users (moderate complaints, mixed sentiment, low escalation risk)",,,
1637,Harper Taylor,harper.taylor1637@example.com,25,Male,5,103.2,-0.7440781832,0.01079826526106526,1.0,0.4807692307692307,77.75,0.1288,0.6119054094,0.0,5.0,0.0,20.0,2,0.3147558448,"Balanced users (moderate complaints, mixed sentiment, low escalation risk)",,,
1638,Harper Martin,harper.martin1638@example.com,35,Male,6,90.5,-0.7047880491666666,0.014503563940450997,1.0,0.6976744186046512,51.4,0.18933333333333335,0.6203227828333334,0.16666666666666666,3.6666666666666665,1.5555555555555554,100.0,3,-0.24467709183333333,"Frequent dissatisfied users (higher complaint volume, mostly negative sentiment)",,,
1639,John White,john.white1639@example.com,47,Male,4,257.75,-0.31367016200000003,0.027218263292703042,0.25,0.48192771084337344,82.66666666666667,0.15725,0.4819803025,0.0,3.6666666666666665,1.5555555555555554,75.0,1,0.215337742,"High-risk escalators (high risk profile, aggressive tone, lower resolution)",,,
1640,David Thompson,david.thompson1640@example.com,39,Male,4,140.5,-0.5389834197500001,0.071749141619655,0.75,0.6030150753768845,66.0,0.23875,0.5837321115,0.0,,,0.0,2,0.175723448,"Balanced users (moderate complaints, mixed sentiment, low escalation risk)",,,
1641,Matthew Johnson,matthew.johnson1641@example.com,28,Male,3,227.33333333333334,-0.4942452906666667,0.01484793245552841,0.6666666666666666,0.6474820143884893,69.0,0.20566666666666666,0.557613053,0.0,4.333333333333333,0.22222222222222224,100.0,1,0.7266722520000001,"Balanced users (moderate complaints, mixed sentiment, low escalation risk)",,,
1642,Mia Lewis,mia.lewis1642@example.com,30,Female,2,34.0,-0.732139617,0.024440267653139558,1.0,3.75,15.0,0.1665,0.6212203755,0.0,3.0,0.0,50.0,2,-0.17448207000000002,"Balanced users (moderate complaints, mixed sentiment, low escalation risk)",,,
1643,Lucas Thomas,lucas.thomas1643@example.com,50,Male,4,104.5,-0.6001537515,0.02668292863989026,1.0,0.6486486486486487,61.333333333333336,0.1205,0.5622249695,0.0,4.0,0.6666666666666666,75.0,1,0.171356104,"High-risk escalators (high risk profile, aggressive tone, lower resolution)",,,
1644,Ella Thomas,ella.thomas1644@example.com,25,Female,4,282.0,-0.5869829950000001,0.04533282377712028,1.0,0.6451612903225807,61.666666666666664,0.28875,0.6168319732499999,0.25,4.0,0.5,100.0,3,0.41646124425,"Balanced users (moderate complaints, mixed sentiment, low escalation risk)",,,
1645,Lucas Johnson,lucas.johnson1645@example.com,27,Male,2,108.0,-0.745242834,0.006833664249360404,1.0,0.3389830508474576,176.0,0.2245,0.6457789215,0.0,,,0.0,3,0.175723448,"Balanced users (moderate complaints, mixed sentiment, low escalation risk)",,,
1646,William Taylor,william.taylor1646@example.com,27,Male,3,452.6666666666667,-0.6375959316666666,0.00048925863390227,1.0,0.4864864864864865,92.0,0.18566666666666665,0.5972020109999999,0.0,3.5,0.25,66.66666666666666,2,-0.065325797,"Balanced users (moderate complaints, mixed sentiment, low escalation risk)",,,
1647,Robert Taylor,robert.taylor1647@example.com,23,Male,6,306.8333333333333,-0.3989444485,0.11806880193740586,0.5,0.7086614173228346,50.6,0.33849999999999997,0.5731319458333334,0.16666666666666666,2.0,1.6,83.33333333333334,3,-0.24782468400000002,"Frequent dissatisfied users (higher complaint volume, mostly negative sentiment)",,,
1648,John White,john.white1648@example.com,42,Male,3,122.66666666666667,-0.08594904800000001,0.0662139205407165,0.0,0.3734439834024896,120.0,0.07766666666666666,0.380116774,0.0,3.6666666666666665,1.5555555555555556,100.0,1,0.307659586,"High-risk escalators (high risk profile, aggressive tone, lower resolution)",,,
1649,John Thomas,john.thomas1649@example.com,25,Male,4,209.75,-0.53471020675,0.10054449519289413,0.75,0.4013377926421405,99.33333333333333,0.21425,0.573768317,0.25,5.0,0.0,75.0,3,0.64564393825,"Balanced users (moderate complaints, mixed sentiment, low escalation risk)",,,
1650,Michael Thompson,michael.thompson1650@example.com,58,Male,3,298.3333333333333,0.036948115000000024,0.39353917605048633,0.6666666666666666,0.5389221556886228,83.0,0.13066666666666668,0.358725196,0.0,3.0,2.6666666666666665,100.0,1,-0.16266211899999997,"High-risk escalators (high risk profile, aggressive tone, lower resolution)",,,
1651,John Harris,john.harris1651@example.com,50,Male,2,118.5,-0.6514638365000001,0.011656883561801352,1.0,30.0,1.0,0.0285,0.546700747,0.0,3.0,0.0,50.0,1,-0.144756772,"Balanced users (moderate complaints, mixed sentiment, low escalation risk)",,,
1652,Noah Smith,noah.smith1652@example.com,35,Male,4,175.25,-0.5048936345,0.07841367416484546,0.75,0.5063291139240506,78.66666666666667,0.2785,0.58656543125,0.25,3.5,2.25,50.0,3,0.028094462750000035,"Frequent dissatisfied users (higher complaint volume, mostly negative sentiment)",,,
1653,Harper Martin,harper.martin1653@example.com,24,Male,3,380.6666666666667,-0.5166968343333334,0.11249414953859087,0.6666666666666666,0.33210332103321033,135.0,0.303,0.598976471,0.3333333333333333,3.5,0.25,66.66666666666666,3,0.17747901366666663,"Balanced users (moderate complaints, mixed sentiment, low escalation risk)",,,
1654,Amelia Lewis,amelia.lewis1654@example.com,33,Female,8,175.25,-0.46385873487499996,0.08530510183039709,0.625,0.7868852459016393,43.42857142857143,0.17875000000000002,0.538316588875,0.0,3.0,1.2,62.5,1,-0.00618909137499999,"High-risk escalators (high risk profile, aggressive tone, lower resolution)",,,
1655,John Brown,john.brown1655@example.com,47,Male,3,79.33333333333333,-0.729111393,0.021359063317390143,1.0,0.4736842105263158,94.5,0.26433333333333336,0.6544778693333333,0.3333333333333333,4.5,0.25,66.66666666666666,3,0.5705634403333334,"Balanced users (moderate complaints, mixed sentiment, low escalation risk)",,,
1656,James Garcia,james.garcia1656@example.com,23,Male,4,310.25,-0.47001632849999997,0.10580079818612015,0.5,0.7453416149068323,53.333333333333336,0.197,0.5467053067500001,0.0,4.0,1.0,50.0,1,0.17441118500000002,"High-risk escalators (high risk profile, aggressive tone, lower resolution)",,,
1657,Charlotte Clark,charlotte.clark1657@example.com,38,Female,3,80.33333333333333,-0.566243559,0.08648732389639396,0.6666666666666666,0.30508474576271183,147.0,0.028999999999999998,0.5191791566666667,0.0,4.0,0.0,66.66666666666666,1,0.380048553,"High-risk escalators (high risk profile, aggressive tone, lower resolution)",,,
1658,Robert Taylor,robert.taylor1658@example.com,55,Male,4,95.25,-0.7560541185,0.013111219145058878,1.0,0.4195804195804196,95.0,0.1375,0.6188425885,0.0,3.0,2.6666666666666665,75.0,2,0.021000578750000012,"Frequent dissatisfied users (higher complaint volume, mostly negative sentiment)",,,
1659,Evelyn Jackson,evelyn.jackson1659@example.com,33,Male,1,407.0,-0.667230844,0.0,1.0,15.0,,0.222,0.619550024,0.0,,,0.0,2,0.175723448,"Balanced users (moderate complaints, mixed sentiment, low escalation risk)",,,
1660,Emily Harris,emily.harris1660@example.com,59,Male,8,186.25,-0.593675453625,0.12003793940214849,0.75,0.7164179104477612,47.714285714285715,0.21625,0.5936320225,0.0,3.8333333333333335,0.8055555555555555,75.0,2,0.47916592275,"Frequent dissatisfied users (higher complaint volume, mostly negative sentiment)",,,
1661,Noah Robinson,noah.robinson1661@example.com,46,Male,2,74.5,-0.4098655545,0.19143770360457898,0.5,0.24193548387096775,247.0,0.1015,0.4937313055,0.0,3.0,0.0,50.0,1,-0.174481653,"High-risk escalators (high risk profile, aggressive tone, lower resolution)",,,
1662,Robert Smith,robert.smith1662@example.com,59,Male,1,315.0,0.114712685,0.0,0.0,15.0,,0.16,0.343718377,0.0,,,0.0,1,0.175723448,"High-risk escalators (high risk profile, aggressive tone, lower resolution)",,,
1663,Emma Smith,emma.smith1663@example.com,29,Female,6,190.0,-0.6495861783333333,0.03830951358474827,0.8333333333333334,1.0650887573964498,33.6,0.147,0.587565508,0.16666666666666666,4.25,0.1875,66.66666666666666,2,0.1856348215,"Frequent dissatisfied users (higher complaint volume, mostly negative sentiment)",,,
1664,Robert White,robert.white1664@example.com,59,Male,1,250.0,-0.756498039,0.0,1.0,15.0,,0.379,0.703511863,1.0,,,0.0,3,0.175723448,"Balanced users (moderate complaints, mixed sentiment, low escalation risk)",,,
1665,Sophia Johnson,sophia.johnson1665@example.com,43,Female,4,557.25,-0.74110966925,0.01152528636805316,1.0,0.43956043956043955,90.66666666666667,0.247,0.6523106425,0.25,3.3333333333333335,2.8888888888888893,75.0,3,0.20452803725000002,"Frequent dissatisfied users (higher complaint volume, mostly negative sentiment)",,,
1666,Ethan Lewis,ethan.lewis1666@example.com,43,Male,5,180.0,-0.7141025604,0.032459269006717,0.8,0.5154639175257733,72.5,0.21680000000000002,0.6329633323999999,0.0,4.5,0.25,40.0,3,0.4126274434,"Balanced users (moderate complaints, mixed sentiment, low escalation risk)",,,
1667,William Clark,william.clark1667@example.com,45,Male,2,348.5,-0.28403632,0.05074364217961502,0.5,1.3636363636363638,43.0,0.1125,0.456686804,0.0,2.5,0.25,100.0,1,-0.6525302980000001,"High-risk escalators (high risk profile, aggressive tone, lower resolution)",,,
1668,Ethan White,ethan.white1668@example.com,44,Male,6,131.16666666666666,-0.5053822143333333,0.057136749523798984,0.8333333333333334,0.5882352941176471,61.0,0.16216666666666668,0.546007553,0.0,3.0,2.0,50.0,1,0.23097036,"High-risk escalators (high risk profile, aggressive tone, lower resolution)",,,
1670,Emma White,emma.white1670@example.com,37,Female,3,193.66666666666666,-0.7457731366666667,0.003063067515781752,1.0,0.4411764705882353,101.5,0.19166666666666665,0.6344596026666666,0.0,4.5,0.25,66.66666666666666,3,0.6391647706666667,"Balanced users (moderate complaints, mixed sentiment, low escalation risk)",,,
1671,Noah Thomas,noah.thomas1671@example.com,52,Male,7,308.2857142857143,-0.5800858395714286,0.10344170037852553,0.7142857142857143,0.65625,53.166666666666664,0.26457142857142857,0.6061278978571429,0.2857142857142857,2.3333333333333335,0.8888888888888888,42.857142857142854,3,-0.16097920514285716,"Frequent dissatisfied users (higher complaint volume, mostly negative sentiment)",,,
1672,Amelia Taylor,amelia.taylor1672@example.com,55,Female,6,196.16666666666666,-0.6167621663333334,0.0596739706016469,0.8333333333333334,0.7142857142857142,50.2,0.17716666666666667,0.5874560373333333,0.16666666666666666,4.2,0.5599999999999999,83.33333333333334,2,0.4080377963333333,"Frequent dissatisfied users (higher complaint volume, mostly negative sentiment)",,,
1673,Daniel Thompson,daniel.thompson1673@example.com,40,Male,6,166.33333333333334,-0.5988339583333333,0.0672022453993285,0.8333333333333334,0.5373134328358209,66.8,0.19499999999999998,0.5878710365,0.0,4.0,2.0,50.0,2,0.23097979016666667,"Frequent dissatisfied users (higher complaint volume, mostly negative sentiment)",,,
1674,Noah Lewis,noah.lewis1674@example.com,27,Male,2,312.0,-0.658818364,0.006537841350172557,1.0,2.8571428571428568,20.0,0.3155,0.6495409685,0.0,1.0,0.0,100.0,3,-0.8667291705,"Frequent dissatisfied users (higher complaint volume, mostly negative sentiment)",,,
1675,Daniel Thompson,daniel.thompson1675@example.com,21,Male,3,140.66666666666666,-0.7934944829999999,0.0037194936878047276,1.0,0.891089108910891,50.0,0.15233333333333332,0.6362023736666667,0.0,2.5,2.25,66.66666666666666,2,-0.39626258133333336,"Frequent dissatisfied users (higher complaint volume, mostly negative sentiment)",,,
1676,Abigail Thomas,abigail.thomas1676@example.com,33,Male,5,136.8,-0.4679033696,0.04615519106473357,0.8,0.7772020725388601,48.0,0.20400000000000001,0.5484685951999999,0.0,3.6666666666666665,0.22222222222222224,60.0,1,0.04858469059999997,"High-risk escalators (high risk profile, aggressive tone, lower resolution)",,,
1677,Charlotte Martin,charlotte.martin1677@example.com,26,Female,3,230.66666666666666,-0.6079911986666667,0.016388733400176315,1.0,0.7964601769911505,56.0,0.15666666666666665,0.577430473,0.0,4.0,0.0,33.33333333333333,2,-0.037930032,"Balanced users (moderate complaints, mixed sentiment, low escalation risk)",,,
1679,John Clark,john.clark1679@example.com,51,Male,3,26.0,-0.826635122,0.0015917103612174816,1.0,0.5389221556886228,83.0,0.07766666666666668,0.620839748,0.0,4.0,0.0,33.33333333333333,2,0.14832789166666668,"Balanced users (moderate complaints, mixed sentiment, low escalation risk)",,,
1680,William Robinson,william.robinson1680@example.com,54,Male,7,264.42857142857144,-0.26375725871428574,0.27480647520899104,0.5714285714285714,1.1111111111111112,31.333333333333332,0.3655714285714286,0.5386711091428571,0.2857142857142857,3.5,1.25,85.71428571428571,3,-0.05311355657142858,"High-risk escalators (high risk profile, aggressive tone, lower resolution)",,,
1681,Olivia Harris,olivia.harris1681@example.com,35,Female,7,218.57142857142858,-0.5639617805714285,0.0886437069404615,0.7142857142857143,0.9905660377358491,35.166666666666664,0.3038571428571428,0.6146375787142857,0.2857142857142857,3.6,0.64,71.42857142857143,3,0.1654873787142857,"Frequent dissatisfied users (higher complaint volume, mostly negative sentiment)",,,
1682,Noah Martinez,noah.martinez1682@example.com,30,Male,8,121.625,-0.730078168125,0.014925591514861872,1.0,0.8362369337979094,40.857142857142854,0.200875,0.63258165475,0.0,3.6666666666666665,1.5555555555555556,75.0,3,0.263475537125,"Frequent dissatisfied users (higher complaint volume, mostly negative sentiment)",,,
1683,Ava Garcia,ava.garcia1683@example.com,30,Female,4,174.75,-0.37231298725,0.1313706600832094,0.5,1.263157894736842,31.333333333333332,0.157,0.50095172075,0.0,3.0,1.0,50.0,1,0.08217438675000002,"High-risk escalators (high risk profile, aggressive tone, lower resolution)",,,
1684,Emma Johnson,emma.johnson1684@example.com,22,Female,2,1172.5,-0.5236889345,0.09300037745453507,1.0,0.6451612903225807,92.0,0.3055,0.6021239035,0.0,,,0.0,2,0.175723448,"Balanced users (moderate complaints, mixed sentiment, low escalation risk)",,,
1685,Mia Martin,mia.martin1685@example.com,39,Female,3,307.0,-0.5625342526666667,0.01548516808805176,0.6666666666666666,0.72,62.0,0.238,0.591123632,0.0,4.333333333333333,0.22222222222222224,100.0,2,0.8814011809999999,"Balanced users (moderate complaints, mixed sentiment, low escalation risk)",,,
1686,Robert Robinson,robert.robinson1686@example.com,41,Male,1,140.0,-0.786791265,0.0,1.0,15.0,,0.135,0.627957161,0.0,4.0,0.0,100.0,2,0.093536779,"Balanced users (moderate complaints, mixed sentiment, low escalation risk)",,,
1687,James White,james.white1687@example.com,46,Male,6,249.5,-0.5941739753333334,0.07431266075339292,0.8333333333333334,0.7058823529411764,50.8,0.19883333333333333,0.5876982085,0.0,3.25,0.6875,66.66666666666666,2,0.1331121521666667,"Frequent dissatisfied users (higher complaint volume, mostly negative sentiment)",,,
1688,Olivia Robinson,olivia.robinson1688@example.com,47,Female,6,166.16666666666666,-0.6214795758333334,0.04284205322165554,0.8333333333333334,0.6666666666666667,53.8,0.1545,0.5810558621666666,0.0,3.0,1.0,33.33333333333333,2,0.1240785615,"Frequent dissatisfied users (higher complaint volume, mostly negative sentiment)",,,
1689,Daniel Lewis,daniel.lewis1689@example.com,40,Male,3,688.0,-0.35937296366666666,0.043346760150689854,0.6666666666666666,0.2830188679245283,158.5,0.215,0.5170462136666667,0.0,4.0,0.0,100.0,1,0.7301775613333333,"High-risk escalators (high risk profile, aggressive tone, lower resolution)",,,
1690,William Robinson,william.robinson1690@example.com,49,Male,5,166.2,-0.43289869420000004,0.043586973521010666,1.0,1.094890510948905,34.0,0.351,0.5885420758,0.2,3.8,0.96,100.0,3,0.1977173806,"Frequent dissatisfied users (higher complaint volume, mostly negative sentiment)",,,
1691,Evelyn White,evelyn.white1691@example.com,27,Male,4,213.0,-0.233599062,0.0471225861113934,0.25,0.35502958579881655,112.33333333333333,0.10425,0.43740719499999997,0.0,4.0,0.0,50.0,1,0.46922449000000005,"High-risk escalators (high risk profile, aggressive tone, lower resolution)",,,
1692,Mia Thompson,mia.thompson1692@example.com,60,Female,7,220.42857142857142,-0.552980921,0.05632714483587199,1.0,0.7777777777777778,44.833333333333336,0.306,0.6118187994285714,0.14285714285714285,3.8333333333333335,2.138888888888889,85.71428571428571,3,0.26832426214285715,"Frequent dissatisfied users (higher complaint volume, mostly negative sentiment)",,,
1693,John Thompson,john.thompson1693@example.com,54,Male,3,135.0,-0.4449847736666667,0.015437901734902476,0.6666666666666666,0.8737864077669903,51.0,0.133,0.5161700516666666,0.0,4.0,1.0,66.66666666666666,1,0.38355380266666667,"High-risk escalators (high risk profile, aggressive tone, lower resolution)",,,
1694,John Brown,john.brown1694@example.com,52,Male,2,64.0,-0.7999612389999999,2.7939364492900243e-05,1.0,0.5555555555555556,107.0,0.28,0.6829874025,0.5,5.0,0.0,50.0,3,0.41514457000000005,"Balanced users (moderate complaints, mixed sentiment, low escalation risk)",,,
1695,Daniel Thompson,daniel.thompson1695@example.com,26,Male,4,395.0,-0.39607332824999997,0.07710462741887468,0.5,0.8823529411764706,45.0,0.30474999999999997,0.5603863315,0.25,3.75,0.6875,100.0,3,0.15137322225,"High-risk escalators (high risk profile, aggressive tone, lower resolution)",,,
1696,Olivia Taylor,olivia.taylor1696@example.com,48,Female,2,160.0,-0.3802337945,0.09006269261387642,0.5,0.2469135802469136,242.0,0.102,0.4842759835,0.0,3.0,0.0,50.0,1,-0.144756772,"High-risk escalators (high risk profile, aggressive tone, lower resolution)",,,
1697,Lucas Harris,lucas.harris1697@example.com,36,Male,4,379.0,-0.569442401,0.08094383778918278,0.75,0.7594936708860759,52.333333333333336,0.258,0.60036878025,0.25,3.3333333333333335,2.8888888888888893,75.0,3,0.21796669424999998,"Frequent dissatisfied users (higher complaint volume, mostly negative sentiment)",,,
1698,Matthew Clark,matthew.clark1698@example.com,52,Male,3,190.0,-0.5007429816666668,0.04757550245769563,0.6666666666666666,0.9782608695652174,45.5,0.16,0.5437414693333333,0.0,3.0,0.6666666666666666,100.0,1,-0.23552039299999997,"High-risk escalators (high risk profile, aggressive tone, lower resolution)",,,
1699,Ethan Johnson,ethan.johnson1699@example.com,58,Male,6,218.5,-0.4753750886666667,0.05998852966329125,0.8333333333333334,0.728744939271255,49.2,0.2941666666666667,0.5824552371666667,0.16666666666666666,2.8,3.3600000000000003,83.33333333333334,3,-0.1903730111666666,"Frequent dissatisfied users (higher complaint volume, mostly negative sentiment)",,,
1700,Charlotte Johnson,charlotte.johnson1700@example.com,29,Female,3,140.33333333333334,-0.65819335,0.012248718568608548,1.0,1.7647058823529411,25.0,0.19899999999999998,0.6085628386666667,0.0,4.666666666666667,0.22222222222222224,100.0,2,0.7301775216666666,"Balanced users (moderate complaints, mixed sentiment, low escalation risk)",,,
1701,Evelyn Robinson,evelyn.robinson1701@example.com,55,Male,1,514.0,-0.561218381,0.0,1.0,15.0,,0.601,0.717745974,1.0,5.0,0.0,100.0,3,0.654565692,"Balanced users (moderate complaints, mixed sentiment, low escalation risk)",,,
1702,James Jackson,james.jackson1702@example.com,54,Male,5,294.0,-0.2901806086,0.007162551425590587,0.4,0.4411764705882353,84.75,0.1698,0.4787386978,0.0,3.6,2.2399999999999998,100.0,1,0.08761458979999999,"High-risk escalators (high risk profile, aggressive tone, lower resolution)",,,
1703,Noah Anderson,noah.anderson1703@example.com,42,Male,4,198.25,-0.45626397425000004,0.026904002134368755,0.75,0.44776119402985076,89.0,0.2365,0.55606079175,0.0,4.666666666666667,0.22222222222222224,75.0,2,0.588935066,"High-risk escalators (high risk profile, aggressive tone, lower resolution)",,,
1704,Mia White,mia.white1704@example.com,27,Female,3,180.66666666666666,-0.579500268,0.02758230122634722,0.6666666666666666,1.1111111111111112,40.0,0.207,0.5857875873333334,0.0,2.0,1.0,66.66666666666666,2,-0.19018779233333336,"Frequent dissatisfied users (higher complaint volume, mostly negative sentiment)",,,
1705,Amelia Martinez,amelia.martinez1705@example.com,36,Female,10,283.8,-0.3753812949,0.13553413916109916,0.7,0.9523809523809523,34.888888888888886,0.26349999999999996,0.5392239208,0.1,2.4,1.0400000000000003,50.0,2,-0.0730242494,"High-risk escalators (high risk profile, aggressive tone, lower resolution)",,,
1706,Olivia Thompson,olivia.thompson1706@example.com,54,Female,8,228.875,-0.48801061525,0.055899758796988074,0.625,0.8450704225352113,40.42857142857143,0.115375,0.523984700125,0.0,3.5,1.25,50.0,1,-0.073193803625,"High-risk escalators (high risk profile, aggressive tone, lower resolution)",,,
1707,Matthew Anderson,matthew.anderson1707@example.com,52,Male,2,155.5,-0.4326789825,0.07571428831450472,0.5,0.335195530726257,178.0,0.306,0.5727206695,0.5,4.0,0.0,100.0,3,0.48746898,"High-risk escalators (high risk profile, aggressive tone, lower resolution)",,,
1708,Michael Harris,michael.harris1708@example.com,43,Male,7,182.14285714285714,-0.5361851235714286,0.05639047387459877,0.7142857142857143,1.2352941176470589,28.166666666666668,0.1987142857142857,0.5688101652857143,0.0,3.8,0.5599999999999999,71.42857142857143,2,0.15006808057142856,"Frequent dissatisfied users (higher complaint volume, mostly negative sentiment)",,,
1709,Ethan Harris,ethan.harris1709@example.com,30,Male,2,152.5,-0.2559798585,0.0015227983922794506,0.5,0.26785714285714285,223.0,0.25,0.495693454,0.0,2.0,0.0,50.0,1,-0.35892736199999997,"High-risk escalators (high risk profile, aggressive tone, lower resolution)",,,
1710,Robert Martin,robert.martin1710@example.com,51,Male,1,262.0,0.076625466,0.0,0.0,15.0,,0.024,0.308496724,0.0,3.0,0.0,100.0,1,-0.465236992,"High-risk escalators (high risk profile, aggressive tone, lower resolution)",,,
1711,Noah Taylor,noah.taylor1711@example.com,47,Male,9,170.33333333333334,-0.5626630483333334,0.08713984109141318,0.7777777777777778,0.9278350515463918,36.25,0.3165555555555556,0.6186599352222222,0.3333333333333333,4.0,0.5,44.44444444444444,3,0.24324858344444447,"Frequent dissatisfied users (higher complaint volume, mostly negative sentiment)",,,
1712,Abigail White,abigail.white1712@example.com,56,Male,4,170.25,-0.8312043695,0.00949481172426311,1.0,1.2,33.0,0.221,0.67249142025,0.5,3.3333333333333335,1.5555555555555554,75.0,3,-0.07806572725,"Frequent dissatisfied users (higher complaint volume, mostly negative sentiment)",,,
1713,Lucas Johnson,lucas.johnson1713@example.com,48,Male,1,173.0,-0.098852515,0.0,0.0,15.0,,0.226,0.436227067,0.0,2.0,0.0,100.0,1,-0.893578172,"High-risk escalators (high risk profile, aggressive tone, lower resolution)",,,
1714,Abigail Thompson,abigail.thompson1714@example.com,46,Male,6,265.5,-0.4811568208333334,0.09448941406280559,0.8333333333333334,0.5521472392638037,65.0,0.38516666666666666,0.6161843,0.16666666666666666,3.6666666666666665,0.22222222222222224,50.0,3,0.3576930411666667,"Balanced users (moderate complaints, mixed sentiment, low escalation risk)",,,
1715,Isabella Martin,isabella.martin1715@example.com,23,Female,4,253.25,-0.40597901475,0.025124294734407443,0.5,0.6629834254143646,60.0,0.14525,0.50778067975,0.0,3.6666666666666665,1.5555555555555554,75.0,1,-0.14700808774999996,"High-risk escalators (high risk profile, aggressive tone, lower resolution)",,,
1716,Abigail Harris,abigail.harris1716@example.com,48,Male,8,264.625,-0.706212647375,0.02952608762716006,1.0,1.0714285714285714,31.857142857142858,0.186625,0.6198378605,0.25,4.0,0.5,100.0,3,0.415275206625,"Frequent dissatisfied users (higher complaint volume, mostly negative sentiment)",,,
1717,Ella Lewis,ella.lewis1717@example.com,28,Female,5,300.2,-0.652475807,0.046928449844461775,0.8,0.45592705167173253,82.0,0.1664,0.5952946372,0.0,3.3333333333333335,1.5555555555555554,60.0,2,-0.027307888999999985,"Frequent dissatisfied users (higher complaint volume, mostly negative sentiment)",,,
1718,William Martin,william.martin1718@example.com,46,Male,2,204.0,-0.43915656200000003,0.07654161048178704,0.5,0.576923076923077,103.0,0.2615,0.559250883,0.0,3.5,0.25,100.0,2,-0.465236992,"High-risk escalators (high risk profile, aggressive tone, lower resolution)",,,
1719,Noah Anderson,noah.anderson1719@example.com,38,Male,4,199.5,-0.68935547775,0.010791885053105535,1.0,0.6030150753768845,66.0,0.357,0.67399053025,0.5,2.5,0.25,50.0,3,-0.266704716,"Frequent dissatisfied users (higher complaint volume, mostly negative sentiment)",,,
1720,Robert Garcia,robert.garcia1720@example.com,32,Male,6,186.33333333333334,-0.6675255198333333,0.0704038810006822,0.8333333333333334,0.8490566037735849,42.2,0.24833333333333332,0.6288624606666666,0.16666666666666666,2.4,1.8400000000000003,83.33333333333334,3,-0.5636311821666666,"Frequent dissatisfied users (higher complaint volume, mostly negative sentiment)",,,
1721,Ava Anderson,ava.anderson1721@example.com,57,Female,2,146.0,-0.7635503415,0.009980094815280206,1.0,3.5294117647058822,16.0,0.1315,0.619178861,0.0,4.0,0.0,50.0,2,-0.14475679400000002,"Balanced users (moderate complaints, mixed sentiment, low escalation risk)",,,
1722,Mia Thompson,mia.thompson1722@example.com,53,Female,3,72.33333333333333,-0.7277805406666666,0.005978856773692107,1.0,0.3,149.5,0.13433333333333333,0.6085453423333332,0.3333333333333333,3.5,0.25,66.66666666666666,3,0.12093233533333335,"Balanced users (moderate complaints, mixed sentiment, low escalation risk)",,,
1723,Ava Martin,ava.martin1723@example.com,49,Female,1,267.0,-0.734995842,0.0,1.0,15.0,,0.218,0.640173649,0.0,3.0,0.0,100.0,3,-0.465236992,"Balanced users (moderate complaints, mixed sentiment, low escalation risk)",,,
1724,Ava Smith,ava.smith1724@example.com,51,Female,5,190.8,-0.5852789998000001,0.02669928920093482,1.0,0.6329113924050632,59.0,0.20939999999999998,0.5885056748,0.0,4.5,0.25,40.0,2,0.45589139139999996,"Balanced users (moderate complaints, mixed sentiment, low escalation risk)",,,
1725,Isabella Anderson,isabella.anderson1725@example.com,30,Female,2,98.0,-0.3739746435,0.038494038772045505,0.5,0.24590163934426232,243.0,0.1615,0.503066759,0.0,3.0,1.0,100.0,1,-0.11950623999999999,"High-risk escalators (high risk profile, aggressive tone, lower resolution)",,,
1726,Mia Clark,mia.clark1726@example.com,31,Female,1,65.0,-0.493365943,0.0,1.0,15.0,,0.3,0.590343931,0.0,,,0.0,2,0.175723448,"Balanced users (moderate complaints, mixed sentiment, low escalation risk)",,,
1727,James Smith,james.smith1727@example.com,47,Male,6,196.33333333333334,-0.47162684550000006,0.10609030560860926,0.6666666666666666,0.6976744186046512,51.4,0.16883333333333336,0.5373703913333333,0.0,4.0,0.6666666666666666,50.0,1,0.2924615541666667,"High-risk escalators (high risk profile, aggressive tone, lower resolution)",,,
1728,Daniel Thompson,daniel.thompson1728@example.com,38,Male,4,258.75,-0.57303335525,0.04950965216341357,0.75,0.4,99.66666666666667,0.21250000000000002,0.5856108405,0.0,4.666666666666667,0.22222222222222224,75.0,2,0.4486778675,"Balanced users (moderate complaints, mixed sentiment, low escalation risk)",,,
1729,Daniel Martinez,daniel.martinez1729@example.com,45,Male,3,154.66666666666666,-0.6865744789999999,0.03092020725505767,1.0,0.31358885017421606,143.0,0.136,0.595736706,0.0,2.6666666666666665,2.8888888888888893,100.0,2,-0.3054424923333333,"Frequent dissatisfied users (higher complaint volume, mostly negative sentiment)",,,
1730,Ava Clark,ava.clark1730@example.com,36,Female,2,109.0,-0.4533749075,3.4671724791902434e-06,0.5,1.5384615384615383,38.0,0.091,0.5041968450000001,0.0,3.0,0.0,50.0,1,0.1346301135,"High-risk escalators (high risk profile, aggressive tone, lower resolution)",,,
1731,Emily Johnson,emily.johnson1731@example.com,34,Male,1,31.0,-0.880661547,0.0,1.0,15.0,,0.111,0.650065003,0.0,3.0,0.0,100.0,3,-0.465236992,"Balanced users (moderate complaints, mixed sentiment, low escalation risk)",,,
1732,Ethan Garcia,ethan.garcia1732@example.com,28,Male,3,167.0,-0.611112674,0.006505127251330293,1.0,0.430622009569378,104.0,0.14366666666666666,0.5738949523333333,0.0,5.0,0.0,66.66666666666666,2,0.6426700203333333,"Balanced users (moderate complaints, mixed sentiment, low escalation risk)",,,
1733,Abigail Robinson,abigail.robinson1733@example.com,57,Male,8,255.0,-0.51715965,0.07048282657758173,1.0,0.7207207207207207,47.42857142857143,0.320625,0.60529563625,0.0,3.0,2.0,100.0,2,-0.082731330875,"Frequent dissatisfied users (higher complaint volume, mostly negative sentiment)",,,
1734,Abigail Smith,abigail.smith1734@example.com,52,Male,4,106.25,-0.80251091725,0.014846635569070392,1.0,0.6382978723404256,62.333333333333336,0.153,0.6393660480000001,0.0,4.0,1.5,100.0,2,-0.02729770549999999,"Frequent dissatisfied users (higher complaint volume, mostly negative sentiment)",,,
1735,Evelyn Garcia,evelyn.garcia1735@example.com,60,Male,1,577.0,-0.702186763,0.0,1.0,15.0,,0.723,0.806260698,1.0,,,0.0,3,0.175723404,One-time intense cases (few complaints but highly negative; often resolved),,,
1736,John Garcia,john.garcia1736@example.com,24,Male,6,193.66666666666666,-0.4168100346666667,0.13151096885762717,0.5,0.6,59.8,0.12933333333333333,0.5057299279999999,0.0,5.0,0.0,33.33333333333333,1,0.40919672683333336,"High-risk escalators (high risk profile, aggressive tone, lower resolution)",,,
1737,Amelia Thomas,amelia.thomas1737@example.com,25,Female,5,97.6,-0.7231066704,0.008804675846912082,1.0,0.6756756756756757,55.25,0.1192,0.6017296678,0.0,3.6,0.24,100.0,2,0.03774791959999997,"Frequent dissatisfied users (higher complaint volume, mostly negative sentiment)",,,
1738,David Martin,david.martin1738@example.com,57,Male,3,356.6666666666667,-0.778296153,0.011811396783657281,1.0,0.2875399361022364,156.0,0.38366666666666666,0.712229583,0.6666666666666666,,,0.0,3,0.17572343333333332,"Balanced users (moderate complaints, mixed sentiment, low escalation risk)",,,
1739,Emma White,emma.white1739@example.com,41,Female,1,100.0,-0.813825011,0.0,1.0,15.0,,0.238,0.672793129,0.0,5.0,0.0,100.0,3,0.881401181,"Balanced users (moderate complaints, mixed sentiment, low escalation risk)",,,
1740,Ava Johnson,ava.johnson1740@example.com,37,Female,2,183.5,-0.5946317615000001,3.6555161965482155e-05,1.0,0.26200873362445415,228.0,0.089,0.5494053225,0.0,4.5,0.25,100.0,1,0.4822107925,"Balanced users (moderate complaints, mixed sentiment, low escalation risk)",,,
1741,Emily Martinez,emily.martinez1741@example.com,48,Male,2,296.5,-0.48773605350000004,0.058535172394406206,0.5,4.285714285714286,13.0,0.2545,0.5725892175,0.0,5.0,0.0,50.0,2,0.41514457000000005,"Balanced users (moderate complaints, mixed sentiment, low escalation risk)",,,
1742,Emma Martin,emma.martin1742@example.com,53,Female,3,193.66666666666666,-0.2579327746666667,0.0694927422659149,0.6666666666666666,0.3529411764705882,127.0,0.27466666666666667,0.504961485,0.0,4.0,0.0,33.33333333333333,1,0.40744410933333336,"High-risk escalators (high risk profile, aggressive tone, lower resolution)",,,
1743,Olivia Lewis,olivia.lewis1743@example.com,49,Female,3,155.0,-0.69199876,0.010545060241098804,1.0,0.5555555555555556,80.5,0.19066666666666668,0.6166329303333333,0.0,4.0,0.0,66.66666666666666,2,0.17747901366666663,"Balanced users (moderate complaints, mixed sentiment, low escalation risk)",,,
1744,Amelia Harris,amelia.harris1744@example.com,36,Female,4,166.25,-0.55478221175,0.021028051797443416,0.5,0.5217391304347826,76.33333333333333,0.1875,0.57092921875,0.0,4.0,1.5,100.0,2,0.43501326425,"Frequent dissatisfied users (higher complaint volume, mostly negative sentiment)",,,
1745,Noah Thomas,noah.thomas1745@example.com,45,Male,3,367.6666666666667,-0.3056662826666667,0.034515786007615505,0.3333333333333333,0.32142857142857145,139.5,0.154,0.4782415416666667,0.0,3.5,0.25,66.66666666666666,1,0.19729586433333332,"High-risk escalators (high risk profile, aggressive tone, lower resolution)",,,
1746,Robert Anderson,robert.anderson1746@example.com,32,Male,2,323.5,-0.6434491575,0.03683953730766494,1.0,0.28436018957345977,210.0,0.336,0.6517209765,0.5,4.0,0.0,50.0,3,0.1346298005,"Balanced users (moderate complaints, mixed sentiment, low escalation risk)",,,
1747,James Clark,james.clark1747@example.com,26,Male,2,241.0,-0.4811579585,0.0003470457327097319,0.5,10.0,5.0,0.11750000000000001,0.5225013365,0.0,5.0,0.0,50.0,1,0.52330444,"Balanced users (moderate complaints, mixed sentiment, low escalation risk)",,,
1748,Ava Martin,ava.martin1748@example.com,46,Female,2,200.5,-0.157082761,0.02705343716786268,0.5,1.0169491525423728,58.0,0.2685,0.4700268975,0.0,,,0.0,1,0.17572342600000002,"High-risk escalators (high risk profile, aggressive tone, lower resolution)",,,
1749,Daniel Smith,daniel.smith1749@example.com,22,Male,4,163.75,-0.6457463725,0.08063889141226398,0.75,0.8108108108108109,49.0,0.18825,0.600755071,0.0,5.0,0.0,50.0,2,0.5285623035,"Balanced users (moderate complaints, mixed sentiment, low escalation risk)",,,
1750,Isabella Thompson,isabella.thompson1750@example.com,23,Female,4,205.75,-0.487763779,0.11859132611615751,0.75,0.49586776859504134,80.33333333333333,0.20475000000000002,0.55518572825,0.0,3.0,1.0,50.0,1,-0.26670472700000003,"Frequent dissatisfied users (higher complaint volume, mostly negative sentiment)",,,
1751,Sophia Jackson,sophia.jackson1751@example.com,59,Female,2,245.5,-0.244437404,0.044551447862035326,0.0,0.22222222222222224,269.0,0.242,0.489142156,0.0,1.0,0.0,50.0,1,-0.3320501,"High-risk escalators (high risk profile, aggressive tone, lower resolution)",,,
1752,Lucas Jackson,lucas.jackson1752@example.com,57,Male,5,234.4,-0.6093418004,0.029836498500929436,1.0,0.4322766570605187,86.5,0.176,0.5846360852,0.0,4.25,0.1875,80.0,2,0.6906922282,"Balanced users (moderate complaints, mixed sentiment, low escalation risk)",,,
1753,Olivia White,olivia.white1753@example.com,28,Female,5,315.4,-0.5852810294,0.034258335702125345,0.8,1.0869565217391304,34.25,0.2508,0.6029963346,0.2,3.3333333333333335,0.8888888888888888,60.0,3,-0.014442512600000013,"Frequent dissatisfied users (higher complaint volume, mostly negative sentiment)",,,
1754,Isabella Brown,isabella.brown1754@example.com,42,Female,2,257.0,-0.509692371,0.007122363608445409,1.0,0.3508771929824561,170.0,0.2115,0.5646750205,0.0,3.5,0.25,100.0,2,0.48746866699999997,"Balanced users (moderate complaints, mixed sentiment, low escalation risk)",,,
1755,Mia Jackson,mia.jackson1755@example.com,26,Female,5,90.2,-0.5900625886,0.11628335778593568,0.6,1.2605042016806725,29.5,0.11200000000000002,0.5559703411999999,0.0,4.0,0.4,100.0,1,0.23801844719999998,"High-risk escalators (high risk profile, aggressive tone, lower resolution)",,,
1756,Emma Martinez,emma.martinez1756@example.com,38,Female,6,185.33333333333334,-0.4401779223333333,0.060175758795378904,0.5,0.5247813411078718,68.4,0.17250000000000001,0.528432825,0.16666666666666666,3.25,2.1875,66.66666666666666,2,0.21903464416666665,"High-risk escalators (high risk profile, aggressive tone, lower resolution)",,,
1757,Robert Martinez,robert.martinez1757@example.com,23,Male,6,214.33333333333334,-0.3992001713333333,0.0731069584704936,0.3333333333333333,0.5980066445182723,60.0,0.2045,0.5263150556666667,0.0,4.0,0.0,50.0,1,0.135005886,"High-risk escalators (high risk profile, aggressive tone, lower resolution)",,,
1758,Daniel Martin,daniel.martin1758@example.com,39,Male,4,157.0,-0.6400452405,0.013504593647999058,1.0,1.4634146341463414,27.0,0.13974999999999999,0.5819272035,0.0,3.5,1.25,100.0,2,0.040234983,"Frequent dissatisfied users (higher complaint volume, mostly negative sentiment)",,,
1759,Ava Taylor,ava.taylor1759@example.com,59,Female,4,178.0,-0.5079634155,0.07480023491442288,0.75,0.36363636363636365,109.66666666666667,0.27425,0.58607561,0.25,4.0,0.0,50.0,3,0.189273808,"Balanced users (moderate complaints, mixed sentiment, low escalation risk)",,,
1760,Abigail Brown,abigail.brown1760@example.com,23,Male,7,215.85714285714286,-0.35829002299999996,0.12697194953398958,0.7142857142857143,0.625,55.833333333333336,0.2992857142857143,0.5461942575714286,0.14285714285714285,3.2,2.16,71.42857142857143,2,0.1464139115714286,"High-risk escalators (high risk profile, aggressive tone, lower resolution)",,,
1762,Robert Robinson,robert.robinson1762@example.com,31,Male,2,31.5,-0.848626673,0.00020767441349356974,1.0,2.2222222222222223,26.0,0.051000000000000004,0.6186536684999999,0.0,4.0,0.0,100.0,2,0.20282422,"Balanced users (moderate complaints, mixed sentiment, low escalation risk)",,,
1763,Daniel Garcia,daniel.garcia1763@example.com,54,Male,7,290.7142857142857,-0.5874357115714286,0.04980887035922572,0.8571428571428571,0.7368421052631579,47.333333333333336,0.3068571428571429,0.6233166061428571,0.14285714285714285,3.4285714285714284,2.2448979591836733,100.0,3,-0.07761564857142857,"Frequent dissatisfied users (higher complaint volume, mostly negative sentiment)",,,
1764,Robert Anderson,robert.anderson1764@example.com,39,Male,1,25.0,-0.946264625,0.0,1.0,15.0,,0.014,0.637436003,0.0,,,0.0,2,0.175723448,"Balanced users (moderate complaints, mixed sentiment, low escalation risk)",,,
1765,James Garcia,james.garcia1765@example.com,53,Male,4,290.5,-0.35085453650000004,0.07166589509417688,0.5,0.39215686274509803,101.66666666666667,0.17375000000000002,0.49984022424999996,0.0,4.0,0.0,25.0,1,0.0006206559999999972,"High-risk escalators (high risk profile, aggressive tone, lower resolution)",,,
1766,Abigail Brown,abigail.brown1766@example.com,59,Male,4,300.25,-0.43744155025,0.11953815042606522,0.5,0.9302325581395349,42.666666666666664,0.1715,0.527193504,0.0,4.333333333333333,0.888888888888889,75.0,1,0.294121746,"High-risk escalators (high risk profile, aggressive tone, lower resolution)",,,
1767,Harper Anderson,harper.anderson1767@example.com,25,Male,3,167.33333333333334,-0.34816484633333333,0.10644484448465359,0.6666666666666666,0.6923076923076923,64.5,0.268,0.5319535750000001,0.0,2.5,0.25,66.66666666666666,1,-0.20812485133333333,"High-risk escalators (high risk profile, aggressive tone, lower resolution)",,,
1768,Lucas Anderson,lucas.anderson1768@example.com,34,Male,4,226.75,-0.728651762,0.006429950968424892,1.0,0.36923076923076925,108.0,0.381,0.69516182275,0.25,3.5,0.25,50.0,3,0.331596214,"Balanced users (moderate complaints, mixed sentiment, low escalation risk)",,,
1769,Michael Garcia,michael.garcia1769@example.com,30,Male,5,337.4,-0.5806441428,0.00475498578967838,1.0,0.539568345323741,69.25,0.19319999999999998,0.5813293464,0.0,3.25,2.1875,80.0,2,0.2342414974,"Frequent dissatisfied users (higher complaint volume, mostly negative sentiment)",,,
1770,John Smith,john.smith1770@example.com,52,Male,4,106.0,-0.7380732895,0.021852087031164254,1.0,0.6779661016949152,58.666666666666664,0.19125,0.631811319,0.0,3.3333333333333335,0.8888888888888888,75.0,2,0.2720465995,"Frequent dissatisfied users (higher complaint volume, mostly negative sentiment)",,,
1771,James White,james.white1771@example.com,33,Male,2,182.5,-0.5050120505,0.012210768803010754,0.5,0.19736842105263158,303.0,0.176,0.550728916,0.0,4.0,0.0,50.0,1,0.5285623145,"High-risk escalators (high risk profile, aggressive tone, lower resolution)",,,
1772,Charlotte Martinez,charlotte.martinez1772@example.com,48,Female,4,140.25,-0.62633653175,0.10358909794959642,1.0,0.8955223880597015,44.333333333333336,0.18250000000000002,0.592434373,0.0,2.5,0.25,50.0,2,-0.26670472700000003,"Frequent dissatisfied users (higher complaint volume, mostly negative sentiment)",,,
1773,David Smith,david.smith1773@example.com,30,Male,2,699.5,-0.29662193400000003,0.0027279029122488987,0.5,0.3296703296703297,181.0,0.34400000000000003,0.5418021285,0.0,3.5,0.25,100.0,2,0.48221107550000003,"High-risk escalators (high risk profile, aggressive tone, lower resolution)",,,
1774,Michael Thompson,michael.thompson1774@example.com,37,Male,4,141.75,-0.6762427835,0.028503604817911334,1.0,0.9448818897637795,42.0,0.33075,0.6605414045,0.5,4.333333333333333,0.888888888888889,75.0,3,0.35345955549999997,"Balanced users (moderate complaints, mixed sentiment, low escalation risk)",,,
1775,Ethan Jackson,ethan.jackson1775@example.com,46,Male,5,92.4,-0.7231178522,0.017251361316216168,1.0,0.6912442396313364,54.0,0.0812,0.5884333022,0.0,2.25,2.6875,80.0,2,-0.32684772939999995,"Frequent dissatisfied users (higher complaint volume, mostly negative sentiment)",,,
1776,James White,james.white1776@example.com,50,Male,1,52.0,-0.880929828,0.0,1.0,15.0,,0.022,0.619002194,0.0,4.0,0.0,100.0,2,0.881401181,"Balanced users (moderate complaints, mixed sentiment, low escalation risk)",,,
1777,Ella Thompson,ella.thompson1777@example.com,32,Female,3,172.33333333333334,-0.7995146513333333,0.00054784916269489,1.0,0.6569343065693432,68.0,0.288,0.6856422616666666,0.3333333333333333,5.0,0.0,33.33333333333333,3,0.40744410933333336,"Balanced users (moderate complaints, mixed sentiment, low escalation risk)",,,
1778,Michael Martin,michael.martin1778@example.com,34,Male,4,256.0,-0.358642199,0.10789377138466404,0.75,0.48192771084337344,82.66666666666667,0.243,0.5266087145,0.0,4.0,0.6666666666666666,75.0,1,0.11464723175,"High-risk escalators (high risk profile, aggressive tone, lower resolution)",,,
1779,Robert Clark,robert.clark1779@example.com,33,Male,1,202.0,-0.338164777,0.0,0.0,15.0,,0.13,0.480403553,0.0,5.0,0.0,100.0,1,0.654565692,"High-risk escalators (high risk profile, aggressive tone, lower resolution)",,,
1780,Ava Lewis,ava.lewis1780@example.com,28,Female,6,143.83333333333334,-0.42630084616666664,0.07518497744402663,0.3333333333333333,0.8411214953271028,42.6,0.11499999999999999,0.503797775,0.0,4.333333333333333,0.22222222222222224,50.0,1,0.35769305366666665,"High-risk escalators (high risk profile, aggressive tone, lower resolution)",,,
1781,Ella Thompson,ella.thompson1781@example.com,32,Female,4,175.25,-0.55625353775,0.04126342694950189,0.75,0.8053691275167785,49.333333333333336,0.24275000000000002,0.5907448995,0.0,4.666666666666667,0.22222222222222224,75.0,2,0.6482728755,"Balanced users (moderate complaints, mixed sentiment, low escalation risk)",,,
1782,Emily Thompson,emily.thompson1782@example.com,29,Male,4,182.25,-0.40494372875,0.039622249642071505,0.75,0.5042016806722689,79.0,0.22949999999999998,0.536931712,0.0,2.0,1.0,50.0,1,-0.11216276549999998,"High-risk escalators (high risk profile, aggressive tone, lower resolution)",,,
1783,John Robinson,john.robinson1783@example.com,54,Male,3,218.33333333333334,-0.5345950723333334,0.04144354854516282,0.6666666666666666,0.5732484076433121,78.0,0.25766666666666665,0.588926732,0.0,5.0,0.0,66.66666666666666,2,0.5705634403333334,"Balanced users (moderate complaints, mixed sentiment, low escalation risk)",,,
1784,Daniel Anderson,daniel.anderson1784@example.com,60,Male,3,358.6666666666667,-0.589528819,0.02822571250542637,1.0,0.5,89.5,0.19366666666666665,0.5843801993333334,0.0,4.5,0.25,66.66666666666666,2,0.5670581760000001,"Balanced users (moderate complaints, mixed sentiment, low escalation risk)",,,
1785,Harper Harris,harper.harris1785@example.com,56,Male,2,94.0,-0.771559,0.0005343711390279598,1.0,1.875,31.0,0.243,0.6608066749999999,0.5,,,0.0,3,0.175723448,"Balanced users (moderate complaints, mixed sentiment, low escalation risk)",,,
1786,Ethan Martin,ethan.martin1786@example.com,58,Male,2,331.0,-0.7689393760000001,0.003088701335079399,1.0,0.37267080745341613,160.0,0.2635,0.6671302969999999,0.0,2.5,0.25,100.0,3,-0.40004897899999997,"Frequent dissatisfied users (higher complaint volume, mostly negative sentiment)",,,
1787,John White,john.white1787@example.com,39,Male,3,94.66666666666667,-0.7315354546666667,0.00435750533516305,1.0,1.6666666666666665,26.5,0.239,0.6463990226666666,0.0,2.5,0.25,66.66666666666666,3,-0.20812483666666667,"Frequent dissatisfied users (higher complaint volume, mostly negative sentiment)",,,
1788,Harper Johnson,harper.johnson1788@example.com,27,Male,5,374.8,-0.5958587764,0.03624459350371141,0.8,0.5376344086021505,69.5,0.195,0.5869041023999999,0.0,4.75,0.1875,80.0,2,0.6927954018,"Balanced users (moderate complaints, mixed sentiment, low escalation risk)",,,
1789,Daniel Clark,daniel.clark1789@example.com,57,Male,2,113.0,-0.6512658595,0.004045551819645752,1.0,3.333333333333333,17.0,0.22949999999999998,0.6169864039999999,0.0,4.5,0.25,100.0,2,0.3740512355,"Balanced users (moderate complaints, mixed sentiment, low escalation risk)",,,
1790,Emily Smith,emily.smith1790@example.com,45,Male,3,246.0,-0.6619073153333334,0.057164893008150953,1.0,0.2719033232628399,165.0,0.2313333333333333,0.6210865443333334,0.0,4.333333333333333,0.22222222222222224,100.0,2,0.16990032266666666,"Balanced users (moderate complaints, mixed sentiment, low escalation risk)",,,
1791,Charlotte Smith,charlotte.smith1791@example.com,54,Female,4,145.75,-0.39163025475,0.030522324264951217,0.5,0.6,66.33333333333333,0.1455,0.50320483275,0.0,3.6666666666666665,1.5555555555555556,75.0,1,0.25596489375000003,"High-risk escalators (high risk profile, aggressive tone, lower resolution)",,,
1792,Matthew Smith,matthew.smith1792@example.com,36,Male,2,202.5,-0.0236968585,0.009784597123680006,0.0,0.5172413793103449,115.0,0.2425,0.417576479,0.0,3.0,0.0,50.0,1,-0.17448207000000002,"High-risk escalators (high risk profile, aggressive tone, lower resolution)",,,
1793,Amelia Harris,amelia.harris1793@example.com,33,Female,4,133.25,-0.46688411575,0.08158215206607976,0.75,0.38338658146964855,104.0,0.1745,0.5378123375,0.0,3.0,2.0,75.0,1,0.258593831,"High-risk escalators (high risk profile, aggressive tone, lower resolution)",,,
1794,Ella Thompson,ella.thompson1794@example.com,24,Female,3,154.33333333333334,-0.6345357893333333,0.013964038803067777,1.0,0.31141868512110726,144.0,0.26866666666666666,0.6252574646666667,0.3333333333333333,4.0,0.0,33.33333333333333,3,-0.037930032,"Balanced users (moderate complaints, mixed sentiment, low escalation risk)",,,
1795,Ethan Clark,ethan.clark1795@example.com,34,Male,2,136.5,-0.791114062,0.002095947848199533,1.0,0.24291497975708504,246.0,0.242,0.66681207,0.0,3.0,4.0,100.0,3,-0.006116777999999989,"Frequent dissatisfied users (higher complaint volume, mostly negative sentiment)",,,
1796,Robert White,robert.white1796@example.com,35,Male,1,146.0,-0.314262867,0.0,1.0,15.0,,0.334,0.544035432,0.0,3.0,0.0,100.0,2,0.093536779,"High-risk escalators (high risk profile, aggressive tone, lower resolution)",,,
1797,Sophia Thompson,sophia.thompson1797@example.com,33,Female,7,165.28571428571428,-0.546349564,0.0486524721252329,0.7142857142857143,0.84,41.5,0.17314285714285713,0.5631636082857143,0.0,3.75,0.6875,57.14285714285714,1,0.3214586695714286,"Frequent dissatisfied users (higher complaint volume, mostly negative sentiment)",,,
1798,Ella Robinson,ella.robinson1798@example.com,55,Female,3,219.33333333333334,-0.5024509443333334,0.11236237495696194,0.6666666666666666,0.5732484076433121,78.0,0.06366666666666666,0.5105798903333333,0.0,4.0,0.0,66.66666666666666,1,0.5705634403333334,"High-risk escalators (high risk profile, aggressive tone, lower resolution)",,,
1799,David Martinez,david.martinez1799@example.com,50,Male,2,887.5,-0.5425944625000001,0.0011844685931159914,1.0,0.7142857142857142,83.0,0.391,0.6381932005,0.0,4.5,0.25,100.0,3,0.17309933900000002,"Balanced users (moderate complaints, mixed sentiment, low escalation risk)",,,
1800,Evelyn Thompson,evelyn.thompson1800@example.com,26,Male,4,98.0,-0.5452490595,0.04138230448430551,0.5,1.1009174311926606,36.0,0.26875,0.5962684442499999,0.25,4.0,1.0,50.0,3,0.32896727675,"Balanced users (moderate complaints, mixed sentiment, low escalation risk)",,,
1801,Amelia Garcia,amelia.garcia1801@example.com,45,Female,1,127.0,-0.874185801,0.0,1.0,15.0,,0.025,0.617860385,0.0,,,0.0,2,0.175723448,"Balanced users (moderate complaints, mixed sentiment, low escalation risk)",,,
1802,Daniel Brown,daniel.brown1802@example.com,31,Male,2,136.0,-0.8915877640000001,1.1632649384888852e-05,1.0,1.3333333333333335,44.0,0.248,0.7015660235000001,0.5,3.5,0.25,100.0,3,0.20282422,"Balanced users (moderate complaints, mixed sentiment, low escalation risk)",,,
1803,Sophia Clark,sophia.clark1803@example.com,38,Female,1,406.0,0.033146046,0.0,0.0,15.0,,0.3,0.419227535,0.0,3.0,0.0,100.0,1,-0.465236992,"High-risk escalators (high risk profile, aggressive tone, lower resolution)",,,
1804,Ava Garcia,ava.garcia1804@example.com,34,Female,2,222.0,-0.34797377900000004,0.011764818055336516,1.0,0.21505376344086022,278.0,0.3,0.5430914785000001,0.0,4.5,0.25,100.0,2,0.8761433064999999,"High-risk escalators (high risk profile, aggressive tone, lower resolution)",,,
1805,Noah Clark,noah.clark1805@example.com,50,Male,3,190.33333333333334,-0.426598684,0.11594315035674042,0.6666666666666666,0.44334975369458124,101.0,0.24633333333333332,0.5498612390000001,0.0,4.0,0.0,66.66666666666666,1,0.4949516106666667,"High-risk escalators (high risk profile, aggressive tone, lower resolution)",,,
1806,David Smith,david.smith1806@example.com,34,Male,3,343.3333333333333,-0.34049244733333334,0.21878279995493574,0.6666666666666666,0.9375,47.5,0.18266666666666667,0.49959337866666664,0.0,2.0,0.0,33.33333333333333,1,-0.18071042533333334,"High-risk escalators (high risk profile, aggressive tone, lower resolution)",,,
1807,Daniel Garcia,daniel.garcia1807@example.com,39,Male,1,335.0,-0.639981806,0.0,1.0,15.0,,0.257,0.622944087,0.0,,,0.0,3,0.175723448,"Balanced users (moderate complaints, mixed sentiment, low escalation risk)",,,
1808,Harper Thompson,harper.thompson1808@example.com,53,Male,5,208.0,-0.3832171738,0.12640218360008215,0.4,1.0067114093959733,37.0,0.1664,0.5077855816,0.0,4.6,0.24000000000000005,100.0,1,0.7843575716,"High-risk escalators (high risk profile, aggressive tone, lower resolution)",,,
1809,Evelyn Jackson,evelyn.jackson1809@example.com,22,Male,3,173.0,-0.6807676353333333,0.05300675644006469,1.0,1.5,29.5,0.32466666666666666,0.659882815,0.0,3.0,0.0,33.33333333333333,3,-0.05774691200000002,"Balanced users (moderate complaints, mixed sentiment, low escalation risk)",,,
1810,Abigail Robinson,abigail.robinson1810@example.com,37,Male,3,147.33333333333334,-0.3760311703333334,0.04559509211598881,0.3333333333333333,0.5844155844155844,76.5,0.19833333333333333,0.5166267966666667,0.0,,,0.0,1,0.17572344799999998,"High-risk escalators (high risk profile, aggressive tone, lower resolution)",,,
1811,David Martinez,david.martinez1811@example.com,44,Male,5,347.8,-0.6087332024000001,0.06714892743630461,0.8,0.47770700636942676,78.25,0.4024,0.6636782908,0.4,4.5,0.25,40.0,3,0.4126274672,"Balanced users (moderate complaints, mixed sentiment, low escalation risk)",,,
1812,Emily Clark,emily.clark1812@example.com,32,Male,2,93.0,-0.579181224,0.02142357298163597,1.0,8.571428571428571,6.0,0.3155,0.6236588975,0.0,4.0,0.0,50.0,3,0.41514457000000005,"Balanced users (moderate complaints, mixed sentiment, low escalation risk)",,,
1813,Lucas Brown,lucas.brown1813@example.com,29,Male,5,286.6,-0.5582744956,0.011461412481779362,1.0,0.8108108108108109,46.0,0.2224,0.5842792111999999,0.0,1.6666666666666667,0.888888888888889,60.0,2,-0.380211914,"Frequent dissatisfied users (higher complaint volume, mostly negative sentiment)",,,
1814,Charlotte Lewis,charlotte.lewis1814@example.com,33,Female,1,217.0,-0.055335611,0.0,0.0,15.0,,0.349,0.465134074,0.0,1.0,0.0,100.0,1,-0.893634737,"High-risk escalators (high risk profile, aggressive tone, lower resolution)",,,
1815,Robert Robinson,robert.robinson1815@example.com,21,Male,6,376.3333333333333,-0.4283646741666667,0.022568128483656316,0.6666666666666666,0.594059405940594,60.4,0.24949999999999997,0.5515435191666667,0.0,3.6666666666666665,0.8888888888888888,50.0,2,0.2641881006666667,"High-risk escalators (high risk profile, aggressive tone, lower resolution)",,,
1816,Mia White,mia.white1816@example.com,28,Female,4,104.5,-0.593203336,0.03547027560906169,0.75,0.3418803418803419,116.66666666666667,0.25875000000000004,0.6083535840000001,0.25,4.5,0.25,50.0,3,0.5285623145,"Balanced users (moderate complaints, mixed sentiment, low escalation risk)",,,
1817,David Anderson,david.anderson1817@example.com,49,Male,5,142.0,-0.4145474494,0.045034910294001265,0.4,0.4716981132075472,79.25,0.1478,0.5114579212,0.0,3.3333333333333335,2.8888888888888893,60.0,1,-0.025204730400000007,"High-risk escalators (high risk profile, aggressive tone, lower resolution)",,,
1818,Charlotte Johnson,charlotte.johnson1818@example.com,39,Female,1,28.0,-0.815413713,0.0,1.0,15.0,,0.234,0.671909457,0.0,,,0.0,3,0.175723448,"Balanced users (moderate complaints, mixed sentiment, low escalation risk)",,,
1819,Amelia Brown,amelia.brown1819@example.com,52,Female,3,321.0,-0.5426962573333333,0.038776132528022304,0.6666666666666666,0.6293706293706294,71.0,0.19666666666666666,0.5702096170000001,0.0,4.0,0.0,100.0,2,0.8778959313333333,"Balanced users (moderate complaints, mixed sentiment, low escalation risk)",,,
1820,Olivia Harris,olivia.harris1820@example.com,47,Female,4,237.25,-0.46077642975,0.0664996830934258,0.5,0.7361963190184049,54.0,0.14725,0.52628983975,0.0,4.333333333333333,0.22222222222222224,75.0,1,0.588935066,"High-risk escalators (high risk profile, aggressive tone, lower resolution)",,,
1821,Michael Martin,michael.martin1821@example.com,48,Male,3,241.33333333333334,-0.572417587,0.03962142928505112,0.6666666666666666,0.34615384615384615,129.5,0.29533333333333334,0.6144023823333333,0.3333333333333333,3.5,0.25,66.66666666666666,3,-0.06532558833333334,"Balanced users (moderate complaints, mixed sentiment, low escalation risk)",,,
1822,Isabella Martin,isabella.martin1822@example.com,56,Female,7,223.71428571428572,-0.5608616412857143,0.08452026920197372,0.7142857142857143,0.9545454545454545,36.5,0.21485714285714286,0.5824800332857143,0.0,3.6666666666666665,0.8888888888888892,85.71428571428571,2,0.10954060057142856,"Frequent dissatisfied users (higher complaint volume, mostly negative sentiment)",,,
1823,Emma Brown,emma.brown1823@example.com,24,Female,4,197.25,-0.524791632,0.054707130447806895,0.75,0.7741935483870968,51.333333333333336,0.164,0.5529572805,0.25,4.0,0.0,75.0,2,0.64564393825,"High-risk escalators (high risk profile, aggressive tone, lower resolution)",,,
1824,Abigail Brown,abigail.brown1824@example.com,41,Male,4,226.75,-0.3729852755,0.1553421358575433,0.5,1.1214953271028036,35.333333333333336,0.13925,0.49495771475,0.25,4.0,1.0,50.0,1,0.18927383399999997,"High-risk escalators (high risk profile, aggressive tone, lower resolution)",,,
1825,Harper Robinson,harper.robinson1825@example.com,59,Male,4,346.25,-0.23077196625000002,0.14082491546710937,0.75,0.7792207792207793,51.0,0.29575,0.503513389,0.0,4.0,0.0,25.0,1,0.29543399800000003,"High-risk escalators (high risk profile, aggressive tone, lower resolution)",,,
1826,Sophia Smith,sophia.smith1826@example.com,24,Female,1,53.0,-0.855956316,0.0,1.0,15.0,,0.116,0.643785803,0.0,4.0,0.0,100.0,2,0.093536779,"Balanced users (moderate complaints, mixed sentiment, low escalation risk)",,,
1827,Harper Martin,harper.martin1827@example.com,29,Male,2,154.5,-0.6026686875,0.011292913859675003,1.0,1.0526315789473684,56.0,0.3145,0.6309423235,0.0,4.5,0.25,100.0,3,0.8761433064999999,"Balanced users (moderate complaints, mixed sentiment, low escalation risk)",,,
1828,Emily Taylor,emily.taylor1828@example.com,35,Male,3,232.0,-0.6963613926666667,0.041048801550054956,1.0,0.43902439024390244,102.0,0.28099999999999997,0.6496674526666667,0.3333333333333333,,,33.33333333333333,3,0.17572344799999998,"Balanced users (moderate complaints, mixed sentiment, low escalation risk)",,,
1829,Matthew Robinson,matthew.robinson1829@example.com,24,Male,5,160.4,-0.5716798005999999,0.03255366679960459,0.8,0.5281690140845071,70.75,0.16360000000000002,0.5680559354,0.0,3.5,2.25,40.0,2,0.05762025980000003,"Frequent dissatisfied users (higher complaint volume, mostly negative sentiment)",,,
1830,Abigail Anderson,abigail.anderson1830@example.com,57,Male,2,375.5,-0.39155349899999997,0.24401949178719068,0.5,0.33333333333333337,179.0,0.189,0.5184048875,0.0,5.0,0.0,100.0,1,0.762725562,"High-risk escalators (high risk profile, aggressive tone, lower resolution)",,,
1831,James White,james.white1831@example.com,21,Male,4,123.5,-0.79444432275,0.003838774604325372,1.0,0.7594936708860759,52.333333333333336,0.26475,0.67585690475,0.25,1.0,0.0,25.0,3,-0.09161609824999999,"Frequent dissatisfied users (higher complaint volume, mostly negative sentiment)",,,
1832,Evelyn Martin,evelyn.martin1832@example.com,28,Male,5,202.8,-0.4048427864,0.12139759669740705,0.6,0.45180722891566266,82.75,0.1598,0.5125039056,0.0,3.5,2.25,80.0,1,0.22349057180000004,"High-risk escalators (high risk profile, aggressive tone, lower resolution)",,,
1833,Lucas Robinson,lucas.robinson1833@example.com,49,Male,4,227.25,-0.48297975950000005,0.03811445178777447,0.5,0.502092050209205,79.33333333333333,0.1935,0.54969342175,0.0,3.5,0.25,75.0,1,0.19190277125,"High-risk escalators (high risk profile, aggressive tone, lower resolution)",,,
1834,Abigail Lewis,abigail.lewis1834@example.com,32,Male,1,97.0,-0.898178101,0.0,1.0,15.0,,0.164,0.674307883,0.0,1.0,0.0,100.0,3,-0.839823604,"Frequent dissatisfied users (higher complaint volume, mostly negative sentiment)",,,
1835,David Harris,david.harris1835@example.com,54,Male,2,33.5,-0.7702899575,0.0012219954495736524,1.0,0.7058823529411764,84.0,0.07350000000000001,0.601069236,0.0,2.0,1.0,100.0,2,-0.6525302980000001,"Frequent dissatisfied users (higher complaint volume, mostly negative sentiment)",,,
1836,Abigail Martin,abigail.martin1836@example.com,31,Male,4,285.75,-0.438323428,0.08082903023827427,0.5,0.3669724770642202,108.66666666666667,0.1105,0.5061301140000001,0.0,3.25,2.1875,100.0,1,0.18398139975,"High-risk escalators (high risk profile, aggressive tone, lower resolution)",,,
1837,Ethan Jackson,ethan.jackson1837@example.com,39,Male,5,172.8,-0.5028112532,0.08141809010495839,0.6,0.7692307692307692,48.5,0.2182,0.5647836573999999,0.2,1.0,0.0,20.0,2,-0.02738596240000001,"Frequent dissatisfied users (higher complaint volume, mostly negative sentiment)",,,
1838,Sophia Thompson,sophia.thompson1838@example.com,27,Female,2,231.0,-0.752405852,0.013548065829953281,1.0,0.30303030303030304,197.0,0.0765,0.596306902,0.0,2.0,1.0,100.0,2,-0.6794075820000001,"Frequent dissatisfied users (higher complaint volume, mostly negative sentiment)",,,
1839,Matthew Clark,matthew.clark1839@example.com,37,Male,4,146.5,-0.76463338725,0.003596663335623921,1.0,0.4067796610169491,98.0,0.312,0.68270585075,0.25,3.3333333333333335,1.5555555555555554,75.0,3,0.06427083874999998,"Frequent dissatisfied users (higher complaint volume, mostly negative sentiment)",,,
1840,Harper Lewis,harper.lewis1840@example.com,51,Male,6,96.16666666666667,-0.7318975378333333,0.023909622703836005,1.0,0.6338028169014085,56.6,0.13966666666666666,0.611750033,0.0,4.0,0.0,50.0,2,0.39549895599999996,"Balanced users (moderate complaints, mixed sentiment, low escalation risk)",,,
1841,Ethan Jackson,ethan.jackson1841@example.com,44,Male,5,164.2,-0.516965908,0.06835988181327546,0.6,1.0638297872340425,35.0,0.10700000000000001,0.5304639200000001,0.0,3.0,1.0,40.0,1,0.10088419900000001,"High-risk escalators (high risk profile, aggressive tone, lower resolution)",,,
1842,James Anderson,james.anderson1842@example.com,59,Male,3,558.0,-0.27585561566666666,0.045373583958654984,0.6666666666666666,0.2903225806451613,154.5,0.48633333333333334,0.5848697416666666,0.3333333333333333,3.5,0.25,66.66666666666666,3,0.173973764,"Balanced users (moderate complaints, mixed sentiment, low escalation risk)",,,
1843,Amelia Robinson,amelia.robinson1843@example.com,55,Female,3,204.33333333333334,-0.3998983006666667,0.016336744410490673,0.3333333333333333,2.7272727272727275,16.0,0.11066666666666668,0.49370028099999996,0.0,4.0,0.0,66.66666666666666,1,0.5670581906666667,"High-risk escalators (high risk profile, aggressive tone, lower resolution)",,,
1844,James Thomas,james.thomas1844@example.com,42,Male,3,149.66666666666666,-0.6048688493333333,0.04895713272210603,1.0,0.3879310344827586,115.5,0.167,0.5800323763333334,0.0,4.0,0.0,66.66666666666666,2,0.6426700003333333,"Balanced users (moderate complaints, mixed sentiment, low escalation risk)",,,
1845,Sophia Thompson,sophia.thompson1845@example.com,30,Female,4,490.75,-0.5144169405,0.02895490231640694,0.75,0.34285714285714286,116.33333333333333,0.30325,0.5983230055,0.0,1.6666666666666667,0.2222222222222222,75.0,2,-0.599389639,"Frequent dissatisfied users (higher complaint volume, mostly negative sentiment)",,,
1846,Evelyn Jackson,evelyn.jackson1846@example.com,35,Male,2,159.0,-0.6250042915,0.014899676855814052,1.0,0.2654867256637168,225.0,0.2565,0.6179013945,0.0,3.0,4.0,100.0,2,-0.09262895599999998,"Frequent dissatisfied users (higher complaint volume, mostly negative sentiment)",,,
1847,William Garcia,william.garcia1847@example.com,45,Male,3,259.3333333333333,-0.29465418066666665,0.09240014265138385,0.3333333333333333,0.39647577092511016,113.0,0.17833333333333334,0.4831792753333333,0.0,3.0,2.6666666666666665,100.0,1,-0.0485107553333333,"High-risk escalators (high risk profile, aggressive tone, lower resolution)",,,
1848,Ella White,ella.white1848@example.com,46,Female,3,120.33333333333333,-0.4820314346666667,0.044647042842457886,0.6666666666666666,0.45918367346938777,97.5,0.12766666666666668,0.5263435496666667,0.0,2.5,0.25,66.66666666666666,1,-0.396262318,"High-risk escalators (high risk profile, aggressive tone, lower resolution)",,,
1849,James Brown,james.brown1849@example.com,34,Male,2,322.5,-0.6298611315,0.019851802436884194,1.0,1.6666666666666665,35.0,0.2865,0.6299798679999999,0.0,4.0,0.0,100.0,3,0.20808209449999998,"Balanced users (moderate complaints, mixed sentiment, low escalation risk)",,,
1850,Isabella White,isabella.white1850@example.com,44,Female,6,251.16666666666666,-0.560218692,0.01981805207297393,1.0,0.7894736842105263,45.4,0.30483333333333335,0.6137627415,0.16666666666666666,3.0,1.0,33.33333333333333,3,0.11335741450000002,"Frequent dissatisfied users (higher complaint volume, mostly negative sentiment)",,,
1851,Emily Taylor,emily.taylor1851@example.com,59,Male,6,383.0,-0.6106158445,0.023606419378786075,1.0,1.6822429906542056,21.2,0.24416666666666664,0.6089084826666666,0.16666666666666666,3.5,0.5833333333333334,100.0,3,-0.22896696400000002,"Frequent dissatisfied users (higher complaint volume, mostly negative sentiment)",,,
1852,Harper Lewis,harper.lewis1852@example.com,41,Male,5,294.4,-0.6708143176,0.03587772798930664,0.8,0.5791505791505791,64.5,0.28700000000000003,0.6434646532,0.2,3.5,2.25,80.0,3,0.18021532280000002,"Frequent dissatisfied users (higher complaint volume, mostly negative sentiment)",,,
1853,Amelia Jackson,amelia.jackson1853@example.com,60,Female,2,52.0,-0.7137914005,0.011780019121889413,1.0,0.3125,191.0,0.1825,0.6208572050000001,0.5,4.0,0.0,100.0,3,0.7679834365,"Balanced users (moderate complaints, mixed sentiment, low escalation risk)",,,
1854,William Garcia,william.garcia1854@example.com,58,Male,3,273.6666666666667,-0.4478680693333334,0.06884837454728203,0.6666666666666666,0.41860465116279066,107.0,0.276,0.5671571226666666,0.0,3.5,0.25,66.66666666666666,2,0.12093233533333332,"High-risk escalators (high risk profile, aggressive tone, lower resolution)",,,
1855,Ella Johnson,ella.johnson1855@example.com,36,Female,3,101.66666666666667,-0.46774256233333333,0.059281086377567904,0.6666666666666666,1.125,39.5,0.18466666666666667,0.541649666,0.0,1.0,0.0,33.33333333333333,1,-0.18071044,"High-risk escalators (high risk profile, aggressive tone, lower resolution)",,,
1856,Evelyn Lewis,evelyn.lewis1856@example.com,38,Male,2,494.5,-0.002359189,9.8411895756729e-05,0.0,0.6122448979591836,97.0,0.20450000000000002,0.397341736,0.0,4.0,0.0,50.0,1,0.5285623145,"High-risk escalators (high risk profile, aggressive tone, lower resolution)",,,
1857,Michael White,michael.white1857@example.com,51,Male,7,238.85714285714286,-0.5280183818571429,0.10524549411032778,0.5714285714285714,0.7317073170731707,47.666666666666664,0.20814285714285716,0.5694559738571429,0.2857142857142857,4.0,0.0,14.285714285714285,3,0.07566472228571429,"High-risk escalators (high risk profile, aggressive tone, lower resolution)",,,
1858,Mia Lewis,mia.lewis1858@example.com,35,Female,5,418.4,-0.5071451784,0.10849867360451453,0.8,0.5434782608695652,68.75,0.18660000000000002,0.555132183,0.2,4.0,0.0,20.0,2,0.271491888,"High-risk escalators (high risk profile, aggressive tone, lower resolution)",,,
1859,Evelyn Robinson,evelyn.robinson1859@example.com,56,Male,7,188.71428571428572,-0.6010047622857143,0.0173476512896242,0.8571428571428571,1.2352941176470589,28.166666666666668,0.23457142857142857,0.6024265477142857,0.14285714285714285,2.6666666666666665,0.8888888888888888,42.857142857142854,3,-0.021309073571428572,"Frequent dissatisfied users (higher complaint volume, mostly negative sentiment)",,,
1860,Emma Anderson,emma.anderson1860@example.com,45,Female,2,181.5,-0.7341409025000001,0.018155773737806413,1.0,1.0909090909090908,54.0,0.0835,0.5928207935,0.0,,,0.0,2,0.175723448,"Balanced users (moderate complaints, mixed sentiment, low escalation risk)",,,
1861,James Robinson,james.robinson1861@example.com,50,Male,5,274.8,-0.441959697,0.08541522113584506,0.6,0.684931506849315,54.5,0.193,0.5361869014,0.0,3.0,2.8,100.0,1,-0.2095548274,"Frequent dissatisfied users (higher complaint volume, mostly negative sentiment)",,,
1862,Isabella Thompson,isabella.thompson1862@example.com,22,Female,1,510.0,-0.560347795,0.0,1.0,15.0,,0.151,0.559963033,0.0,5.0,0.0,100.0,1,0.870885432,"Balanced users (moderate complaints, mixed sentiment, low escalation risk)",,,
1863,Noah Smith,noah.smith1863@example.com,39,Male,3,105.0,-0.8519852953333333,0.00012623154998265187,1.0,0.891089108910891,50.0,0.14966666666666667,0.654278554,0.0,3.5,0.25,66.66666666666666,3,0.19729587899999998,"Balanced users (moderate complaints, mixed sentiment, low escalation risk)",,,
1864,John Martin,john.martin1864@example.com,35,Male,4,174.25,-0.52199987875,0.08582475698610786,0.75,0.3498542274052478,114.0,0.295,0.5978999605,0.25,2.5,2.25,50.0,3,-0.11214862425,"Frequent dissatisfied users (higher complaint volume, mostly negative sentiment)",,,
1865,William Martinez,william.martinez1865@example.com,25,Male,4,152.0,-0.63595666375,0.06345743265463513,1.0,1.0169491525423728,39.0,0.26275,0.62364841575,0.0,4.25,0.6875,100.0,3,0.15137322225,"Balanced users (moderate complaints, mixed sentiment, low escalation risk)",,,
1866,James Johnson,james.johnson1866@example.com,27,Male,3,220.66666666666666,-0.570955346,0.011214234296825812,1.0,0.40540540540540543,110.5,0.27366666666666667,0.6063438206666667,0.0,3.5,0.25,66.66666666666666,2,0.19379062933333335,"Balanced users (moderate complaints, mixed sentiment, low escalation risk)",,,
1867,Isabella White,isabella.white1867@example.com,44,Female,6,422.8333333333333,-0.702292338,0.026133712237637437,1.0,0.5325443786982249,67.4,0.3236666666666667,0.666528343,0.16666666666666666,3.0,0.6666666666666666,50.0,3,0.09965962900000001,"Frequent dissatisfied users (higher complaint volume, mostly negative sentiment)",,,
1868,Ethan Lewis,ethan.lewis1868@example.com,30,Male,1,266.0,0.184554189,0.0,0.0,15.0,,0.147,0.316469889,0.0,,,0.0,1,0.175723448,"High-risk escalators (high risk profile, aggressive tone, lower resolution)",,,
1869,David Martinez,david.martinez1869@example.com,28,Male,3,226.0,-0.441151028,0.05254439613306114,0.6666666666666666,0.6122448979591836,73.0,0.2956666666666667,0.5718574173333334,0.0,4.5,0.25,66.66666666666666,2,0.4949516106666667,"High-risk escalators (high risk profile, aggressive tone, lower resolution)",,,
1870,Mia Martin,mia.martin1870@example.com,45,Female,4,93.25,-0.608536698,0.06189252662081623,0.75,0.7142857142857142,55.666666666666664,0.0705,0.547449427,0.0,3.5,2.25,50.0,1,0.08480333500000001,"Frequent dissatisfied users (higher complaint volume, mostly negative sentiment)",,,
1871,Abigail Taylor,abigail.taylor1871@example.com,48,Male,3,177.33333333333334,-0.619092971,0.03809328658104901,1.0,0.5202312138728323,86.0,0.2763333333333334,0.6229218823333333,0.0,4.333333333333333,0.22222222222222224,100.0,3,0.166395073,"Balanced users (moderate complaints, mixed sentiment, low escalation risk)",,,
1872,Emma Martinez,emma.martinez1872@example.com,39,Female,2,201.0,-0.625877708,0.028857210530306394,1.0,1.25,47.0,0.1805,0.591585255,0.0,3.0,4.0,100.0,2,0.015530884000000023,"Frequent dissatisfied users (higher complaint volume, mostly negative sentiment)",,,
1873,Harper Robinson,harper.robinson1873@example.com,60,Male,4,331.75,-0.59620496625,0.021763608920644714,0.75,0.8108108108108109,49.0,0.2825,0.6176416140000001,0.25,5.0,0.0,50.0,3,0.523304429,"Balanced users (moderate complaints, mixed sentiment, low escalation risk)",,,
1874,Emily Taylor,emily.taylor1874@example.com,28,Male,1,160.0,-0.695189238,0.0,1.0,15.0,,0.07,0.575436502,0.0,,,0.0,1,0.175723448,"Balanced users (moderate complaints, mixed sentiment, low escalation risk)",,,
1875,James Thompson,james.thompson1875@example.com,41,Male,4,148.5,-0.6446040420000001,0.028521713239940003,1.0,0.5084745762711864,78.33333333333333,0.1945,0.60257131375,0.0,4.0,0.0,75.0,2,0.308984395,"Balanced users (moderate complaints, mixed sentiment, low escalation risk)",,,
1876,Olivia Robinson,olivia.robinson1876@example.com,23,Female,1,49.0,-0.702364147,0.0,1.0,15.0,,0.113,0.592818348,0.0,2.0,0.0,100.0,2,-0.839823604,"Frequent dissatisfied users (higher complaint volume, mostly negative sentiment)",,,
1877,Sophia Martinez,sophia.martinez1877@example.com,35,Female,4,229.0,-0.6939295085,0.004336034998047669,1.0,0.45627376425855515,87.33333333333333,0.215,0.62577709025,0.0,3.0,0.0,25.0,2,0.15517678075000002,"Balanced users (moderate complaints, mixed sentiment, low escalation risk)",,,
1878,Noah Anderson,noah.anderson1878@example.com,31,Male,5,301.4,-0.6305598616,0.009324704397533324,1.0,0.5281690140845071,70.75,0.30579999999999996,0.6369619550000001,0.2,4.5,0.25,40.0,3,0.45589139139999996,"Balanced users (moderate complaints, mixed sentiment, low escalation risk)",,,
1879,Emily Thompson,emily.thompson1879@example.com,47,Male,4,241.25,-0.529842809,0.04150218946287481,0.75,0.49586776859504134,80.33333333333333,0.1825,0.56107391275,0.0,2.3333333333333335,1.5555555555555554,75.0,1,-0.22579231125,"Frequent dissatisfied users (higher complaint volume, mostly negative sentiment)",,,
1880,Abigail White,abigail.white1880@example.com,45,Male,3,405.3333333333333,-0.22237208466666666,0.20534868610974036,0.6666666666666666,0.4545454545454546,98.5,0.4403333333333334,0.5513875943333333,0.0,3.6666666666666665,0.8888888888888888,100.0,2,0.28054645633333336,"High-risk escalators (high risk profile, aggressive tone, lower resolution)",,,
1881,Abigail White,abigail.white1881@example.com,59,Male,5,130.8,-0.7247654436000001,0.018614070455003576,1.0,0.9740259740259739,38.25,0.1844,0.625088769,0.2,2.3333333333333335,1.5555555555555556,60.0,3,-0.10012206159999999,"Frequent dissatisfied users (higher complaint volume, mostly negative sentiment)",,,
1882,Harper Anderson,harper.anderson1882@example.com,25,Male,5,172.6,-0.49721769699999996,0.01654183668563065,0.8,0.6276150627615062,59.5,0.23420000000000002,0.5685657512,0.0,2.6666666666666665,2.8888888888888893,60.0,2,-0.11298742919999998,"Frequent dissatisfied users (higher complaint volume, mostly negative sentiment)",,,
1883,Daniel Robinson,daniel.robinson1883@example.com,60,Male,5,89.6,-0.7579399466,0.020387590491784884,1.0,0.6,62.25,0.2186,0.6478404828000001,0.2,4.0,0.0,20.0,3,0.271491888,"Balanced users (moderate complaints, mixed sentiment, low escalation risk)",,,
1884,Sophia Thompson,sophia.thompson1884@example.com,59,Female,1,296.0,-0.844027936,0.0,1.0,15.0,,0.435,0.751559079,1.0,,,0.0,3,0.175723448,"Balanced users (moderate complaints, mixed sentiment, low escalation risk)",,,
1885,Charlotte White,charlotte.white1885@example.com,59,Female,6,141.66666666666666,-0.677009687,0.0328369517795083,0.8333333333333334,0.9473684210526316,37.8,0.07933333333333333,0.572794815,0.0,4.0,1.0,100.0,1,0.517165929,"Frequent dissatisfied users (higher complaint volume, mostly negative sentiment)",,,
1886,Emma Thomas,emma.thomas1886@example.com,39,Female,4,193.25,-0.48048845675,0.10163216754215694,0.75,0.4411764705882353,90.33333333333333,0.21475,0.5563212485,0.0,4.666666666666667,0.22222222222222224,75.0,1,0.64827289425,"Balanced users (moderate complaints, mixed sentiment, low escalation risk)",,,
1887,Emma Garcia,emma.garcia1887@example.com,49,Female,2,439.5,-0.5801513195,0.015651445805630392,1.0,3.333333333333333,17.0,0.28900000000000003,0.614699179,0.5,4.0,0.0,100.0,3,0.767983496,"Balanced users (moderate complaints, mixed sentiment, low escalation risk)",,,
1888,Emma Thompson,emma.thompson1888@example.com,24,Female,3,260.0,-0.601052195,0.037102950462900304,0.6666666666666666,0.3829787234042553,117.0,0.23399999999999999,0.6022419633333334,0.3333333333333333,4.5,0.25,66.66666666666666,3,0.17397402733333334,"Balanced users (moderate complaints, mixed sentiment, low escalation risk)",,,
1889,Noah Johnson,noah.johnson1889@example.com,42,Male,5,236.4,-0.48342281,0.055859698469159814,0.6,0.8928571428571428,41.75,0.14300000000000002,0.5321624132,0.0,4.0,0.6666666666666666,60.0,1,0.2818811772,"High-risk escalators (high risk profile, aggressive tone, lower resolution)",,,
1891,Daniel Garcia,daniel.garcia1891@example.com,48,Male,4,160.25,-0.40760580625,0.0893304041736973,0.5,0.6896551724137931,57.666666666666664,0.17775,0.519684387,0.0,,,0.0,1,0.175723437,"High-risk escalators (high risk profile, aggressive tone, lower resolution)",,,
1892,Sophia Martin,sophia.martin1892@example.com,52,Female,6,148.33333333333334,-0.5487150178333333,0.048801637626769014,0.8333333333333334,0.6976744186046512,51.4,0.1795,0.5661573808333333,0.0,4.0,0.6666666666666666,50.0,2,0.29246155416666664,"Frequent dissatisfied users (higher complaint volume, mostly negative sentiment)",,,
1893,Matthew Jackson,matthew.jackson1893@example.com,25,Male,5,183.4,-0.5370196732,0.0825360326882282,0.8,1.0563380281690142,35.25,0.2446,0.5851413938000001,0.2,4.333333333333333,0.22222222222222224,60.0,3,0.2704420864,One-time intense cases (few complaints but highly negative; often resolved),,,
1894,Noah Robinson,noah.robinson1894@example.com,45,Male,2,233.0,-0.062461845499999995,0.010379295900290068,0.5,0.6593406593406594,90.0,0.3,0.4503000995,0.0,5.0,0.0,50.0,1,0.5285623145,"High-risk escalators (high risk profile, aggressive tone, lower resolution)",,,
1895,Daniel Lewis,daniel.lewis1895@example.com,50,Male,9,259.1111111111111,-0.6310084063333333,0.04311645805724004,0.7777777777777778,0.940766550522648,35.75,0.24033333333333332,0.6141943986666667,0.3333333333333333,3.6666666666666665,0.8888888888888888,66.66666666666666,3,-0.0892657541111111,"Frequent dissatisfied users (higher complaint volume, mostly negative sentiment)",,,
1896,Mia Lewis,mia.lewis1896@example.com,37,Female,2,242.5,-0.5512988864999999,0.03156884288468912,1.0,0.5555555555555556,107.0,0.3105,0.612847138,0.0,3.5,0.25,100.0,3,0.20808209449999998,"Balanced users (moderate complaints, mixed sentiment, low escalation risk)",,,
1897,Isabella Brown,isabella.brown1897@example.com,44,Female,4,281.5,-0.55536495175,0.03753092866555706,0.75,0.5405405405405406,73.66666666666667,0.259,0.59614360925,0.0,4.5,0.25,50.0,2,0.52330441,"Balanced users (moderate complaints, mixed sentiment, low escalation risk)",,,
1898,James Taylor,james.taylor1898@example.com,38,Male,6,192.33333333333334,-0.6158634871666667,0.050581630219762565,0.6666666666666666,0.5247813411078718,68.4,0.1785,0.5876306331666666,0.16666666666666666,3.5,1.25,66.66666666666666,2,-0.13728926600000002,"Frequent dissatisfied users (higher complaint volume, mostly negative sentiment)",,,
1899,Charlotte Smith,charlotte.smith1899@example.com,32,Female,3,85.66666666666667,-0.5079105893333333,0.07166054503887104,0.6666666666666666,0.5056179775280899,88.5,0.13233333333333333,0.536387608,0.0,3.3333333333333335,0.22222222222222224,100.0,1,-0.318612799,"High-risk escalators (high risk profile, aggressive tone, lower resolution)",,,
1900,William Brown,william.brown1900@example.com,54,Male,6,265.3333333333333,-0.627552671,0.0795937782860293,0.8333333333333334,0.7171314741035857,50.0,0.21366666666666667,0.6037379515,0.0,4.5,0.25,33.33333333333333,2,0.27963862533333333,"Balanced users (moderate complaints, mixed sentiment, low escalation risk)",,,
1901,Emily Robinson,emily.robinson1901@example.com,33,Male,3,280.3333333333333,-0.7053168716666667,0.023958717113541264,1.0,0.5844155844155844,76.5,0.14066666666666666,0.6034613166666666,0.0,4.333333333333333,0.22222222222222224,100.0,2,0.798778832,"Balanced users (moderate complaints, mixed sentiment, low escalation risk)",,,
1902,David Harris,david.harris1902@example.com,59,Male,6,188.33333333333334,-0.536704403,0.0824397426270093,0.6666666666666666,0.7964601769911505,45.0,0.151,0.552278931,0.0,3.0,0.5,66.66666666666666,1,-0.2397531795,"High-risk escalators (high risk profile, aggressive tone, lower resolution)",,,
1903,Matthew Thompson,matthew.thompson1903@example.com,34,Male,5,159.0,-0.48771902019999996,0.07341536385388604,0.8,0.6097560975609756,61.25,0.1392,0.5322286816,0.0,3.0,1.5,80.0,1,0.22347925880000002,"High-risk escalators (high risk profile, aggressive tone, lower resolution)",,,
1904,Amelia Anderson,amelia.anderson1904@example.com,41,Female,5,419.8,-0.1613062026,0.08881607694988361,0.6,0.5576208178438662,67.0,0.29100000000000004,0.47927451579999997,0.0,1.0,0.0,20.0,1,-0.03814818899999998,"High-risk escalators (high risk profile, aggressive tone, lower resolution)",,,
1905,John Robinson,john.robinson1905@example.com,31,Male,3,389.6666666666667,-0.288958728,0.021028181405408197,0.3333333333333333,0.4522613065326633,99.0,0.22233333333333336,0.4967282533333333,0.0,1.0,0.0,33.33333333333333,1,-0.162792236,"High-risk escalators (high risk profile, aggressive tone, lower resolution)",,,
1906,Lucas Jackson,lucas.jackson1906@example.com,47,Male,2,203.0,-0.537531331,0.04910208732744845,0.5,0.6060606060606061,98.0,0.091,0.5315476825000001,0.0,5.0,0.0,50.0,1,0.41514457000000005,"High-risk escalators (high risk profile, aggressive tone, lower resolution)",,,
1907,Charlotte Taylor,charlotte.taylor1907@example.com,34,Female,6,193.66666666666666,-0.44945294166666666,0.01953430852800754,0.6666666666666666,0.8144796380090498,44.0,0.2055,0.5429972061666667,0.0,2.4,1.8400000000000003,83.33333333333334,1,-0.15254828099999998,"High-risk escalators (high risk profile, aggressive tone, lower resolution)",,,
1908,Mia Smith,mia.smith1908@example.com,27,Female,5,275.0,-0.6620921672,0.04072425731015571,1.0,0.847457627118644,44.0,0.26639999999999997,0.6334199544000001,0.4,2.6666666666666665,1.5555555555555554,60.0,3,-0.0824506106,"Frequent dissatisfied users (higher complaint volume, mostly negative sentiment)",,,
1909,Michael Jackson,michael.jackson1909@example.com,30,Male,5,108.6,-0.8349880814,0.0009473048930582085,1.0,0.7853403141361257,47.5,0.255,0.6856211264,0.2,1.75,1.6875,80.0,3,-0.3247332904,"Frequent dissatisfied users (higher complaint volume, mostly negative sentiment)",,,
1910,Olivia Martinez,olivia.martinez1910@example.com,36,Female,5,291.0,-0.5982172904,0.05079016409980942,0.8,0.5514705882352942,67.75,0.31179999999999997,0.6285506194,0.4,4.0,0.0,40.0,3,0.3672603456,"Balanced users (moderate complaints, mixed sentiment, low escalation risk)",,,
1911,Charlotte Thomas,charlotte.thomas1911@example.com,31,Female,1,249.0,-0.714361727,0.0,1.0,15.0,,0.315,0.667417561,0.0,4.0,0.0,100.0,3,-0.524687588,"Balanced users (moderate complaints, mixed sentiment, low escalation risk)",,,
1912,Olivia Thomas,olivia.thomas1912@example.com,36,Female,2,160.0,-0.670738131,0.001770993533914276,1.0,0.49586776859504134,120.0,0.194,0.6108898925,0.0,5.0,0.0,50.0,2,0.52330444,"Balanced users (moderate complaints, mixed sentiment, low escalation risk)",,,
1913,Amelia Lewis,amelia.lewis1913@example.com,21,Female,2,169.0,-0.7889507410000001,3.2772510673983505e-05,1.0,0.3076923076923077,194.0,0.40800000000000003,0.7242089905,1.0,5.0,0.0,100.0,3,0.8761432765,"Balanced users (moderate complaints, mixed sentiment, low escalation risk)",,,
1914,Harper Martinez,harper.martinez1914@example.com,55,Male,3,278.0,-0.634112557,0.05289220888138748,0.6666666666666666,0.3061224489795918,146.5,0.16033333333333333,0.5872032476666667,0.0,4.0,0.0,66.66666666666666,2,0.19379059466666668,"Balanced users (moderate complaints, mixed sentiment, low escalation risk)",,,
1915,Abigail Brown,abigail.brown1915@example.com,32,Male,1,47.0,-0.607641459,0.0,1.0,15.0,,0.05,0.539983474,0.0,5.0,0.0,100.0,1,0.870885432,"Balanced users (moderate complaints, mixed sentiment, low escalation risk)",,,
1916,Matthew Robinson,matthew.robinson1916@example.com,22,Male,6,227.5,-0.47926473750000004,0.11878418524896311,0.6666666666666666,0.5980066445182723,60.0,0.22766666666666668,0.560444373,0.0,3.2,1.3599999999999999,83.33333333333334,2,0.019177337500000002,"Frequent dissatisfied users (higher complaint volume, mostly negative sentiment)",,,
1917,Harper Garcia,harper.garcia1917@example.com,35,Male,4,256.75,-0.543667756,0.02336389013127757,1.0,0.4181184668989547,95.33333333333333,0.12775,0.5464045205,0.0,4.0,0.6666666666666666,75.0,1,0.308984395,"High-risk escalators (high risk profile, aggressive tone, lower resolution)",,,
1918,Sophia Robinson,sophia.robinson1918@example.com,49,Female,8,203.5,-0.660665061375,0.052976181005860885,1.0,0.7619047619047619,44.857142857142854,0.1835,0.6039411448750001,0.0,3.6666666666666665,1.888888888888889,75.0,2,-0.06641152512500001,"Frequent dissatisfied users (higher complaint volume, mostly negative sentiment)",,,
1919,Olivia Thomas,olivia.thomas1919@example.com,29,Female,6,197.0,-0.5375860098333334,0.0511991231404102,0.8333333333333334,0.5750798722044728,62.4,0.17250000000000001,0.5600904531666667,0.0,2.6666666666666665,0.8888888888888888,50.0,1,-0.09195371749999998,"Frequent dissatisfied users (higher complaint volume, mostly negative sentiment)",,,
1920,Matthew Brown,matthew.brown1920@example.com,42,Male,4,271.0,-0.54612212625,0.04651029074663855,1.0,0.5882352941176471,67.66666666666667,0.31525,0.612827191,0.0,4.0,0.0,25.0,3,0.35214287025,"Balanced users (moderate complaints, mixed sentiment, low escalation risk)",,,
1921,Harper Anderson,harper.anderson1921@example.com,42,Male,2,106.5,-0.765000343,0.00013386022576080447,1.0,3.333333333333333,17.0,0.36450000000000005,0.7012001115,0.5,4.0,1.0,100.0,3,0.09466435000000001,"Balanced users (moderate complaints, mixed sentiment, low escalation risk)",,,
1922,Noah Martinez,noah.martinez1922@example.com,45,Male,2,196.0,-0.41684539600000003,0.01018161176718473,0.5,0.40816326530612246,146.0,0.157,0.5154247535,0.0,4.0,0.0,100.0,1,-0.1858501065,"High-risk escalators (high risk profile, aggressive tone, lower resolution)",,,
1923,Harper Taylor,harper.taylor1923@example.com,41,Male,2,595.0,-0.5035995245,0.015199351865779455,1.0,1.0526315789473684,56.0,0.33999999999999997,0.6076698455,0.0,,,0.0,3,0.175723448,"Balanced users (moderate complaints, mixed sentiment, low escalation risk)",,,
1924,Mia White,mia.white1924@example.com,48,Female,2,122.5,-0.37067528800000005,0.0333305926462224,0.5,10.0,5.0,0.11449999999999999,0.485544469,0.0,4.0,0.0,100.0,1,0.48746866699999997,"High-risk escalators (high risk profile, aggressive tone, lower resolution)",,,
1925,Ava White,ava.white1925@example.com,43,Female,3,425.6666666666667,-0.6136669116666666,0.029626453066032222,1.0,12.857142857142856,3.0,0.35433333333333333,0.6484584133333333,0.3333333333333333,3.0,2.0,100.0,3,-0.441595182,"Frequent dissatisfied users (higher complaint volume, mostly negative sentiment)",,,
1926,Daniel Martinez,daniel.martinez1926@example.com,31,Male,6,313.1666666666667,-0.5546256235,0.1036045143527692,0.8333333333333334,0.6521739130434783,55.0,0.24516666666666667,0.5910616611666667,0.3333333333333333,3.0,2.8,83.33333333333334,3,-0.2214467578333333,"Frequent dissatisfied users (higher complaint volume, mostly negative sentiment)",,,
1927,Ella Taylor,ella.taylor1927@example.com,24,Female,3,136.66666666666666,-0.587695976,0.055314500738670634,1.0,0.2830188679245283,158.5,0.25833333333333336,0.6064178586666666,0.0,3.3333333333333335,1.5555555555555556,100.0,2,0.023595804666666696,"Frequent dissatisfied users (higher complaint volume, mostly negative sentiment)",,,
1928,Sophia Anderson,sophia.anderson1928@example.com,55,Female,5,176.0,-0.49200536240000003,0.0716061291507373,0.8,0.48543689320388345,77.0,0.28959999999999997,0.5862617428,0.0,3.0,2.0,60.0,2,0.2074148832,"Frequent dissatisfied users (higher complaint volume, mostly negative sentiment)",,,
1930,Abigail Lewis,abigail.lewis1930@example.com,37,Male,5,161.6,-0.5004611522,0.1136165977907753,0.6,0.6,62.25,0.1786,0.5501598746,0.0,2.6666666666666665,2.8888888888888893,60.0,1,-0.14548915059999995,"Frequent dissatisfied users (higher complaint volume, mostly negative sentiment)",,,
1931,Sophia Martin,sophia.martin1931@example.com,51,Female,5,263.0,-0.3374033032,0.021763711606959567,0.4,0.7425742574257426,50.25,0.1692,0.49387607339999995,0.0,5.0,0.0,40.0,1,0.4126274434,"High-risk escalators (high risk profile, aggressive tone, lower resolution)",,,
1932,Amelia Jackson,amelia.jackson1932@example.com,47,Female,3,730.0,-0.47128830866666666,0.12316017213824647,1.0,0.7826086956521738,57.0,0.39000000000000007,0.6146687003333333,0.0,3.5,2.25,66.66666666666666,3,0.07243364066666666,"Frequent dissatisfied users (higher complaint volume, mostly negative sentiment)",,,
1933,Matthew White,matthew.white1933@example.com,46,Male,1,157.0,-0.438519299,0.0,0.0,15.0,,0.037,0.480468772,0.0,4.0,0.0,100.0,1,-0.465236992,"High-risk escalators (high risk profile, aggressive tone, lower resolution)",,,
1934,Mia Taylor,mia.taylor1934@example.com,25,Female,9,302.1111111111111,-0.36841375544444444,0.05809970508298153,0.5555555555555556,0.9278350515463918,36.25,0.1817777777777778,0.5083566927777778,0.0,3.857142857142857,1.5510204081632655,77.77777777777779,1,0.30857599755555554,"High-risk escalators (high risk profile, aggressive tone, lower resolution)",,,
1935,Robert Thompson,robert.thompson1935@example.com,29,Male,2,320.0,-0.42720808099999996,0.03585375878638854,1.0,0.5217391304347826,114.0,0.2825,0.5627176265,0.0,4.0,1.0,100.0,2,0.173098922,"High-risk escalators (high risk profile, aggressive tone, lower resolution)",,,
1936,Lucas Garcia,lucas.garcia1936@example.com,60,Male,2,92.0,-0.38880749049999996,0.01583666413778467,0.5,5.454545454545455,10.0,0.28600000000000003,0.5514624345,0.0,4.5,0.25,100.0,2,0.48746898,"Balanced users (moderate complaints, mixed sentiment, low escalation risk)",,,
1937,Olivia Johnson,olivia.johnson1937@example.com,52,Female,7,254.0,-0.5811628827142857,0.036818569643930495,0.8571428571428571,0.8860759493670887,39.333333333333336,0.2397142857142857,0.597777937,0.0,3.8,2.16,71.42857142857143,2,0.27975111542857145,"Frequent dissatisfied users (higher complaint volume, mostly negative sentiment)",,,
1938,John Thompson,john.thompson1938@example.com,60,Male,4,346.25,-0.45757832374999996,0.007114979209037054,1.0,0.8275862068965517,48.0,0.33375,0.5905254555,0.0,4.333333333333333,0.22222222222222224,75.0,2,0.25434070425,"Balanced users (moderate complaints, mixed sentiment, low escalation risk)",,,
1939,John Martinez,john.martinez1939@example.com,32,Male,4,82.25,-0.7069545985,0.022961809577564506,1.0,0.9448818897637795,42.0,0.21475,0.6299227445,0.0,4.0,0.6666666666666666,75.0,3,0.39459790275,"Balanced users (moderate complaints, mixed sentiment, low escalation risk)",,,
1940,William Jackson,william.jackson1940@example.com,33,Male,7,274.42857142857144,-0.5315541498571428,0.020262752077677727,0.7142857142857143,1.0144927536231882,34.333333333333336,0.1987142857142857,0.5673050988571429,0.14285714285714285,3.1666666666666665,2.8055555555555554,85.71428571428571,2,0.047857441999999986,"Frequent dissatisfied users (higher complaint volume, mostly negative sentiment)",,,
1941,Evelyn Garcia,evelyn.garcia1941@example.com,40,Male,4,231.25,-0.494542621,0.029068134033078584,0.5,0.6060606060606061,65.66666666666667,0.19249999999999998,0.55310135175,0.25,3.3333333333333335,1.5555555555555554,75.0,2,-0.07684664075000003,"High-risk escalators (high risk profile, aggressive tone, lower resolution)",,,
1942,Emma Clark,emma.clark1942@example.com,55,Female,4,377.25,-0.516444832,0.07007580915945441,1.0,0.6382978723404256,62.333333333333336,0.29200000000000004,0.5950445705,0.0,4.666666666666667,0.22222222222222224,75.0,2,0.697094936,"Balanced users (moderate complaints, mixed sentiment, low escalation risk)",,,
1943,Mia Lewis,mia.lewis1943@example.com,57,Female,1,341.0,-0.549044967,0.0,1.0,15.0,,0.331,0.619289614,0.0,5.0,0.0,100.0,3,0.870885432,"Balanced users (moderate complaints, mixed sentiment, low escalation risk)",,,
1944,Mia Robinson,mia.robinson1944@example.com,21,Female,5,186.2,-0.6068638922,0.029703332018716444,0.8,1.4150943396226416,26.25,0.2234,0.6004207648,0.0,4.0,0.0,40.0,2,0.4126274434,"Balanced users (moderate complaints, mixed sentiment, low escalation risk)",,,
1945,Ella Martin,ella.martin1945@example.com,36,Female,1,724.0,-0.561218381,0.0,1.0,15.0,,0.7,0.752395974,1.0,4.0,0.0,100.0,3,0.881401181,"Balanced users (moderate complaints, mixed sentiment, low escalation risk)",,,
1946,Evelyn Harris,evelyn.harris1946@example.com,53,Male,7,189.71428571428572,-0.7253799865714285,0.0066545484624573855,1.0,0.7142857142857142,48.833333333333336,0.17685714285714285,0.6226484955714285,0.0,4.0,2.0,42.857142857142854,2,0.22308601857142857,"Frequent dissatisfied users (higher complaint volume, mostly negative sentiment)",,,
1947,David Taylor,david.taylor1947@example.com,47,Male,1,214.0,-0.749017298,0.0,1.0,15.0,,0.35,0.690930622,0.0,,,0.0,3,0.175723448,"Balanced users (moderate complaints, mixed sentiment, low escalation risk)",,,
1948,Ethan Brown,ethan.brown1948@example.com,37,Male,2,148.0,-0.5827966185,0.04805212863132181,1.0,0.22988505747126436,260.0,0.175,0.575658901,0.0,5.0,0.0,50.0,2,0.52330444,"Balanced users (moderate complaints, mixed sentiment, low escalation risk)",,,
1949,Ava Taylor,ava.taylor1949@example.com,52,Female,4,338.75,-0.549103763,0.03598608600937256,0.75,0.6153846153846154,64.66666666666667,0.3175,0.61458372325,0.25,4.333333333333333,0.22222222222222224,75.0,3,0.69972387325,"Balanced users (moderate complaints, mixed sentiment, low escalation risk)",,,
1950,Abigail Jackson,abigail.jackson1950@example.com,51,Male,2,78.5,-0.7227141260000001,0.00681167677629169,1.0,1.875,31.0,0.183,0.6239320909999999,0.0,4.5,0.25,100.0,2,0.17835679649999997,"Balanced users (moderate complaints, mixed sentiment, low escalation risk)",,,
1951,Sophia Anderson,sophia.anderson1951@example.com,33,Female,3,175.66666666666666,-0.4980753883333333,0.12057007282576987,0.6666666666666666,0.31141868512110726,144.0,0.24233333333333337,0.571691168,0.0,4.0,0.0,33.33333333333333,2,0.3353375293333334,"High-risk escalators (high risk profile, aggressive tone, lower resolution)",,,
1952,Noah Smith,noah.smith1952@example.com,34,Male,1,158.0,-0.713614881,0.0,1.0,15.0,,0.259,0.647574836,0.0,,,0.0,3,0.175723448,"Balanced users (moderate complaints, mixed sentiment, low escalation risk)",,,
1953,James Clark,james.clark1953@example.com,22,Male,4,254.0,-0.41452143725,0.08675003045967378,0.75,0.3380281690140845,118.0,0.25,0.54721946725,0.0,3.6666666666666665,1.5555555555555556,75.0,1,0.21796666825,"High-risk escalators (high risk profile, aggressive tone, lower resolution)",,,
1954,William Robinson,william.robinson1954@example.com,25,Male,2,597.5,-0.326785922,0.005160178868328225,0.5,0.6818181818181819,87.0,0.207,0.503655425,0.0,5.0,0.0,50.0,1,0.52330444,"High-risk escalators (high risk profile, aggressive tone, lower resolution)",,,
1955,David Robinson,david.robinson1955@example.com,58,Male,3,220.66666666666666,-0.5170170936666666,0.11617172669236005,0.6666666666666666,2.25,19.5,0.15333333333333335,0.546697222,0.0,5.0,0.0,66.66666666666666,1,0.64617527,"High-risk escalators (high risk profile, aggressive tone, lower resolution)",,,
1956,Robert Robinson,robert.robinson1956@example.com,33,Male,4,149.5,-0.46021426475000005,0.25824299513627874,0.75,0.8163265306122449,48.666666666666664,0.13775,0.522782136,0.0,3.5,2.25,50.0,1,0.04154722400000001,"High-risk escalators (high risk profile, aggressive tone, lower resolution)",,,
1957,Abigail Johnson,abigail.johnson1957@example.com,27,Male,4,114.25,-0.56779041125,0.0724664475779243,1.0,0.47058823529411764,84.66666666666667,0.16575,0.5675443835,0.0,3.5,2.25,100.0,2,0.3809474705,"Frequent dissatisfied users (higher complaint volume, mostly negative sentiment)",,,
1958,Abigail Taylor,abigail.taylor1958@example.com,21,Male,2,57.5,-0.63195318,0.0764394541154596,1.0,0.631578947368421,94.0,0.178,0.5926847835,0.0,,,0.0,2,0.175723448,"Balanced users (moderate complaints, mixed sentiment, low escalation risk)",,,
1959,Ella Robinson,ella.robinson1959@example.com,30,Female,4,148.5,-0.63780146075,0.016452579770773954,1.0,0.5454545454545454,73.0,0.31325000000000003,0.64192297475,0.25,3.5,2.25,100.0,3,0.09694385524999999,"Frequent dissatisfied users (higher complaint volume, mostly negative sentiment)",,,
1960,Ethan Smith,ethan.smith1960@example.com,54,Male,4,211.25,-0.346653126,0.0859546739243371,0.5,0.7894736842105263,50.333333333333336,0.1645,0.495237266,0.0,4.0,0.6666666666666666,75.0,1,0.15386451774999998,"High-risk escalators (high risk profile, aggressive tone, lower resolution)",,,
1961,Sophia Harris,sophia.harris1961@example.com,40,Female,4,368.25,-0.30834818725,0.10415645375292423,0.5,0.6382978723404256,62.333333333333336,0.1685,0.48418816100000006,0.0,4.666666666666667,0.22222222222222224,75.0,1,0.645643968,"High-risk escalators (high risk profile, aggressive tone, lower resolution)",,,
1962,Abigail Brown,abigail.brown1962@example.com,41,Male,5,230.4,-0.6762454034000001,0.018488529693441023,1.0,2.678571428571429,13.75,0.24820000000000003,0.631649756,0.2,4.0,3.0,80.0,3,0.39602066859999996,"Frequent dissatisfied users (higher complaint volume, mostly negative sentiment)",,,
1963,Michael Taylor,michael.taylor1963@example.com,37,Male,4,231.0,-0.55711486925,0.04470430218662752,0.75,0.4013377926421405,99.33333333333333,0.177,0.5680123325,0.0,4.0,0.0,75.0,2,-0.03990885999999999,"High-risk escalators (high risk profile, aggressive tone, lower resolution)",,,
1964,Charlotte Robinson,charlotte.robinson1964@example.com,40,Female,4,352.25,-0.4744227605,0.051197135406154885,0.5,0.8,49.666666666666664,0.21275,0.55364989725,0.25,3.3333333333333335,2.8888888888888893,75.0,2,0.21796666825,"High-risk escalators (high risk profile, aggressive tone, lower resolution)",,,
1965,William Jackson,william.jackson1965@example.com,59,Male,5,93.6,-0.7766906022,0.004177564040424056,1.0,0.5703422053231939,65.5,0.17880000000000001,0.6400044458,0.0,4.0,0.0,60.0,3,0.2844353554,"Balanced users (moderate complaints, mixed sentiment, low escalation risk)",,,
1966,John White,john.white1966@example.com,26,Male,2,65.5,-0.832423061,0.00028416441640932905,1.0,0.25862068965517243,231.0,0.1045,0.6321124945000001,0.0,5.0,0.0,50.0,2,0.5285623145,"Balanced users (moderate complaints, mixed sentiment, low escalation risk)",,,
1967,Lucas Jackson,lucas.jackson1967@example.com,49,Male,2,139.0,-0.6597279604999999,0.01821083005035757,1.0,1.3636363636363638,43.0,0.2435,0.6246365869999999,0.5,4.0,0.0,50.0,3,0.5285623145,"Balanced users (moderate complaints, mixed sentiment, low escalation risk)",,,
1968,Noah Brown,noah.brown1968@example.com,38,Male,4,231.5,-0.32431131799999996,0.0807753214195765,0.25,0.3508771929824561,113.66666666666667,0.19425,0.49838867825,0.0,3.0,2.0,75.0,1,0.258593831,"High-risk escalators (high risk profile, aggressive tone, lower resolution)",,,
1969,Noah Brown,noah.brown1969@example.com,26,Male,4,112.0,-0.67884179925,0.009969794912840472,1.0,0.6593406593406594,60.333333333333336,0.151,0.5984735845,0.0,3.3333333333333335,0.8888888888888888,75.0,2,0.0075477955000000235,"Frequent dissatisfied users (higher complaint volume, mostly negative sentiment)",,,
1970,Michael Taylor,michael.taylor1970@example.com,39,Male,4,233.75,-0.63886793675,0.049313960111626205,1.0,0.364741641337386,109.33333333333333,0.23425,0.61461957975,0.0,1.5,0.25,50.0,2,-0.34548870125,"Frequent dissatisfied users (higher complaint volume, mostly negative sentiment)",,,
1971,Matthew Anderson,matthew.anderson1971@example.com,25,Male,8,157.625,-0.6615541203749999,0.030527326863058202,1.0,0.7228915662650602,47.285714285714285,0.197125,0.60899883925,0.125,4.0,1.0,25.0,3,0.1554586735,"Frequent dissatisfied users (higher complaint volume, mostly negative sentiment)",,,
1972,Emily Garcia,emily.garcia1972@example.com,46,Male,3,131.66666666666666,-0.702060322,0.023855911193715603,1.0,0.3296703296703297,136.0,0.065,0.5759196046666667,0.0,4.333333333333333,0.22222222222222224,100.0,1,0.337093095,"Balanced users (moderate complaints, mixed sentiment, low escalation risk)",,,
1973,Sophia Martin,sophia.martin1973@example.com,47,Female,3,294.3333333333333,-0.7223559616666666,0.00863293614996879,1.0,0.6382978723404256,70.0,0.33899999999999997,0.6784156873333332,0.3333333333333333,4.333333333333333,0.888888888888889,100.0,3,0.5396626343333334,"Balanced users (moderate complaints, mixed sentiment, low escalation risk)",,,
1974,Lucas White,lucas.white1974@example.com,41,Male,2,286.0,-0.39537522199999997,0.01720624259571462,0.5,0.40268456375838924,148.0,0.192,0.5206969475000001,0.0,,,0.0,1,0.17572342600000002,"High-risk escalators (high risk profile, aggressive tone, lower resolution)",,,
1975,Olivia Taylor,olivia.taylor1975@example.com,26,Female,6,215.0,-0.6637518603333333,0.015608546179607552,0.8333333333333334,0.594059405940594,60.4,0.1795,0.6035443545,0.0,3.0,0.6666666666666666,50.0,2,-0.13292643950000002,"Frequent dissatisfied users (higher complaint volume, mostly negative sentiment)",,,
1976,Charlotte Thompson,charlotte.thompson1976@example.com,50,Female,5,197.0,-0.5361805124,0.10337623517505201,0.8,0.4601226993865031,81.25,0.1456,0.5502186664,0.0,4.0,0.6666666666666666,60.0,1,0.1582363038,"High-risk escalators (high risk profile, aggressive tone, lower resolution)",,,
1977,Ava Clark,ava.clark1977@example.com,23,Female,1,241.0,-0.773844302,0.0,1.0,15.0,,0.423,0.724549398,1.0,,,0.0,3,0.175723448,"Balanced users (moderate complaints, mixed sentiment, low escalation risk)",,,
1978,Harper Lewis,harper.lewis1978@example.com,53,Male,2,180.5,-0.724118948,0.01978223093516376,1.0,0.5454545454545454,109.0,0.27549999999999997,0.656763658,0.5,5.0,0.0,100.0,3,0.7679834365,"Balanced users (moderate complaints, mixed sentiment, low escalation risk)",,,
1979,Robert Taylor,robert.taylor1979@example.com,28,Male,1,92.0,-0.660522521,0.0,1.0,15.0,,0.081,0.568019819,0.0,1.0,0.0,100.0,1,-0.893634737,"Frequent dissatisfied users (higher complaint volume, mostly negative sentiment)",,,
1980,William Jackson,william.jackson1980@example.com,49,Male,3,229.33333333333334,-0.5567708016666667,0.03435955016276677,1.0,0.4368932038834952,102.5,0.28,0.6039505103333334,0.0,4.0,1.0,66.66666666666666,2,0.30794197300000004,"Balanced users (moderate complaints, mixed sentiment, low escalation risk)",,,
1981,Matthew Harris,matthew.harris1981@example.com,51,Male,3,233.0,-0.339737311,0.08192790195768047,0.6666666666666666,0.6521739130434783,68.5,0.36933333333333335,0.564681293,0.3333333333333333,1.0,0.0,33.33333333333333,3,-0.162792236,"High-risk escalators (high risk profile, aggressive tone, lower resolution)",,,
1982,Lucas Lewis,lucas.lewis1982@example.com,51,Male,2,283.5,-0.5387447775,0.035314712097890194,1.0,1.5,39.0,0.4385,0.6535670525,0.5,2.5,2.25,100.0,3,-0.11950623999999999,"Frequent dissatisfied users (higher complaint volume, mostly negative sentiment)",,,
1983,Isabella Harris,isabella.harris1983@example.com,60,Female,1,82.0,-0.770169079,0.0,1.0,15.0,,0.199,0.644954951,0.0,4.0,0.0,100.0,3,-0.465236992,"Balanced users (moderate complaints, mixed sentiment, low escalation risk)",,,
1984,Lucas Thomas,lucas.thomas1984@example.com,50,Male,6,126.33333333333333,-0.54043818,0.06692765446400338,0.5,0.5980066445182723,60.0,0.16733333333333333,0.5592090749999999,0.16666666666666666,4.0,0.6666666666666666,50.0,2,0.3972514765,"High-risk escalators (high risk profile, aggressive tone, lower resolution)",,,
1985,Daniel Martinez,daniel.martinez1985@example.com,57,Male,4,237.25,-0.7191287129999999,0.007700165952142258,1.0,0.5633802816901409,70.66666666666667,0.2895,0.66004183175,0.25,1.6666666666666667,0.2222222222222222,75.0,3,-0.61281413975,"Frequent dissatisfied users (higher complaint volume, mostly negative sentiment)",,,
1986,Ethan Martin,ethan.martin1986@example.com,51,Male,4,200.0,-0.56158898775,0.032696898440931634,1.0,0.41379310344827586,96.33333333333333,0.16975,0.566928921,0.0,3.3333333333333335,1.5555555555555554,75.0,2,-0.06198399175000001,"Frequent dissatisfied users (higher complaint volume, mostly negative sentiment)",,,
1987,Harper Robinson,harper.robinson1987@example.com,40,Male,4,125.75,-0.583275631,0.011201748126784362,0.75,0.7692307692307692,51.666666666666664,0.15025,0.56715208025,0.0,1.0,0.0,25.0,1,-0.09160195700000001,"Frequent dissatisfied users (higher complaint volume, mostly negative sentiment)",,,
1988,John Brown,john.brown1988@example.com,58,Male,3,212.66666666666666,-0.671657721,0.018749924441242623,1.0,0.30927835051546393,145.0,0.25266666666666665,0.6317220926666667,0.0,4.5,0.25,66.66666666666666,3,0.6426700003333333,"Balanced users (moderate complaints, mixed sentiment, low escalation risk)",,,
1989,Daniel Johnson,daniel.johnson1989@example.com,28,Male,3,304.6666666666667,-0.5591115156666667,0.050882469617566844,0.6666666666666666,3.5999999999999996,12.0,0.329,0.6218612426666666,0.3333333333333333,4.5,0.25,66.66666666666666,3,0.17747901366666663,"Balanced users (moderate complaints, mixed sentiment, low escalation risk)",,,
1990,Emily Brown,emily.brown1990@example.com,53,Male,6,106.0,-0.6270385233333333,0.04116801155290755,1.0,0.9230769230769231,38.8,0.259,0.6194375201666666,0.16666666666666666,4.25,0.6875,66.66666666666666,3,0.5096066418333334,"Balanced users (moderate complaints, mixed sentiment, low escalation risk)",,,
1991,Michael Johnson,michael.johnson1991@example.com,34,Male,6,90.0,-0.5641557811666666,0.09401399419692959,0.8333333333333334,0.8144796380090498,44.0,0.18866666666666668,0.5743839623333333,0.0,2.6666666666666665,1.5555555555555554,50.0,2,-0.029889156666666656,"Frequent dissatisfied users (higher complaint volume, mostly negative sentiment)",,,
1992,Olivia Martinez,olivia.martinez1992@example.com,39,Female,6,219.33333333333334,-0.4027796983333333,0.2659425572933727,0.8333333333333334,1.25,28.6,0.249,0.5430534018333333,0.16666666666666666,3.0,2.0,83.33333333333334,2,0.03729360283333335,"High-risk escalators (high risk profile, aggressive tone, lower resolution)",,,
1993,Ava Martinez,ava.martinez1993@example.com,39,Female,3,181.33333333333334,-0.48146976033333333,0.023527741235918734,0.6666666666666666,0.26011560693641617,172.5,0.10733333333333334,0.5190443386666667,0.0,,,0.0,1,0.17572343333333332,"High-risk escalators (high risk profile, aggressive tone, lower resolution)",,,
1994,Noah Thomas,noah.thomas1994@example.com,34,Male,3,201.66666666666666,-0.5080616526666667,0.09692242218612708,0.6666666666666666,1.1842105263157894,37.5,0.111,0.528970037,0.0,2.5,0.25,66.66666666666666,1,-0.20812505999999997,"High-risk escalators (high risk profile, aggressive tone, lower resolution)",,,
1995,William Johnson,william.johnson1995@example.com,48,Male,1,144.0,-0.414578468,0.0,1.0,15.0,,0.2,0.529738002,0.0,4.0,0.0,100.0,1,0.870885432,"High-risk escalators (high risk profile, aggressive tone, lower resolution)",,,
1996,Abigail Garcia,abigail.garcia1996@example.com,49,Male,3,95.33333333333333,-0.7694112856666666,0.011722287394570659,1.0,0.8653846153846154,51.5,0.216,0.6506586676666667,0.0,2.5,2.25,66.66666666666666,3,-0.4141807706666667,"Frequent dissatisfied users (higher complaint volume, mostly negative sentiment)",,,
1997,William Thompson,william.thompson1997@example.com,52,Male,3,57.666666666666664,-0.7344767053333333,0.018108550449112724,1.0,1.5,29.5,0.171,0.6235549293333333,0.3333333333333333,3.5,0.25,66.66666666666666,3,0.307941973,"Balanced users (moderate complaints, mixed sentiment, low escalation risk)",,,
1998,John Anderson,john.anderson1998@example.com,22,Male,4,120.75,-0.63921268275,0.09161504991558972,0.75,0.888888888888889,44.666666666666664,0.1895,0.59906912175,0.0,3.75,0.1875,100.0,2,0.27357506375,"Frequent dissatisfied users (higher complaint volume, mostly negative sentiment)",,,
1999,William Thompson,william.thompson1999@example.com,48,Male,6,212.0,-0.6087969466666666,0.06075854243595722,0.8333333333333334,0.9045226130653266,39.6,0.34650000000000003,0.6441340076666667,0.3333333333333333,4.0,0.0,16.666666666666664,3,0.2933363961666667,"Balanced users (moderate complaints, mixed sentiment, low escalation risk)",,,
2000,Ella Taylor,ella.taylor2000@example.com,33,Female,4,653.0,-0.38325202449999995,0.08826607723869614,1.0,0.5286343612334802,75.33333333333333,0.34500000000000003,0.5703069080000001,0.0,3.0,2.0,75.0,2,0.215337731,"High-risk escalators (high risk profile, aggressive tone, lower resolution)",,,
2002,Flavia,flavia2002@example.com,45,Female,2,243.5,0.5481032432940827,0.0017715705164649492,0.0,60.0,0.0,0.1185,0.366475,0.0,,,0.0,1,,,,,
